Node,SIR_Score,Betweenness,Closeness,K-Shell,PageRank,Eigenvector,Katz,VoteRank
3,22.228,0.006409553804645718,0.3730769230769231,11,0.0023096063496077343,0.03207263524945999,0.03555765448483557,244
6,10.571,0.0002812718195035523,0.34114888628370454,6,0.0007567534858691652,0.01624438657100008,0.033181993342394585,0
12,1.537,0.0,0.27179327521793273,1,0.0002749559728953301,0.001003211984119057,0.032127543299077604,0
21,1.522,0.0,0.26697247706422017,1,0.00028806183580089994,0.0009669128702132468,0.0321177549315159,0
26,16.876,0.0023555294345120317,0.3640533778148457,6,0.0009594363470698799,0.03091543457335528,0.033599979109946554,97
30,59.51,0.018700084676100768,0.42585365853658536,14,0.006839200463979514,0.16319623059303515,0.046141366950379945,339
31,12.719,0.00018700202763468558,0.3457425742574257,6,0.0008081409911290212,0.022524012466212353,0.033420750666578854,0
19,7.801,0.0023152457322869824,0.3257462686567164,4,0.0008019035437893448,0.012458648182066101,0.03294291500586309,96
32,1.184,0.0,0.24577702702702703,1,0.00030790577120696886,0.0003896708082559415,0.032114469734030794,0
25,33.431,0.007991987547811507,0.39935956084172003,12,0.003162574105537954,0.069386132133191,0.037720407153688414,292
41,19.742,0.006775632954214692,0.35676338373518596,10,0.0026176554320936104,0.03226345384638524,0.03597592227514493,298
38,11.872,0.00019280586252307469,0.33231823372668445,8,0.001035751403937985,0.01702911839146465,0.033662963242956735,5
55,42.444,0.003100101129716519,0.3984481971702419,14,0.002961129087481834,0.09354695639363807,0.03833576615393572,14
40,13.509,0.00013522739451223153,0.347117296222664,7,0.0008045562695308147,0.020968964589790664,0.033398699412175506,0
57,11.784,0.0020696759560751335,0.3458795562599049,8,0.0012406641593728353,0.016444125552231053,0.03384285701663743,110
60,1.034,0.0,0.18456659619450316,1,0.0005653716359045303,2.510589079949705e-06,0.03211112681208137,0
61,1.319,0.0022909507445589916,0.22628304821150855,1,0.0009308642549189037,8.026144082106701e-05,0.032274314059138665,95
62,19.571,0.006264872828185462,0.3746781115879828,10,0.0025235378412886648,0.03419223273475874,0.03605678780207087,273
53,30.509,0.0006519589212155963,0.38105630728939327,13,0.0016808783343018924,0.05521764010096733,0.03552322827317905,0
63,45.449,0.008918261534743734,0.41850431447746883,14,0.004073266584565355,0.10962574811592761,0.040544082063371574,294
67,2.577,1.060515938280099e-05,0.26623970722781337,2,0.00039593175547156814,0.0009464672625197097,0.03228610467706233,0
68,11.688,0.0006044788230588554,0.33473926380368096,8,0.0013679706072537055,0.012615502825185818,0.03409473806423322,157
73,5.648,0.0002121221704854086,0.3161897863093082,5,0.0007658832470809557,0.008126624098324165,0.03303371473908204,0
71,9.246,0.00167285534173011,0.3279489105935387,6,0.001274411631192542,0.010833813596187342,0.033743680384168834,190
79,9.465,0.00018550947325494257,0.34128225175918686,6,0.0007324142061207275,0.01673485818017017,0.03320637880665045,0
81,2.74,0.00010849003886002238,0.30848056537102475,2,0.00038406307718681827,0.0031747575874912,0.03236286417263739,0
82,11.01,0.0008781327515708992,0.3528698464025869,7,0.0009813255683847478,0.021891063612922514,0.03360131945600862,75
87,5.642,8.177334535975622e-05,0.32060227690047743,4,0.0005815131404559581,0.005768405810165614,0.03273929084909752,0
52,11.771,0.00028485133502076447,0.34822497008376546,6,0.0007466623061941956,0.021449906665194023,0.03325965666188337,0
90,30.843,0.006079640503020598,0.3840739111306643,12,0.00279887409407399,0.05786304573265142,0.03714118158804522,246
86,6.876,0.00010184403401756438,0.3248976553777447,4,0.0005622620889378009,0.010486395165203652,0.03276379125494926,0
95,5.5,4.3260199599069493e-05,0.30761099365750527,4,0.0006782822064095916,0.006392500381229762,0.03285710836200836,37
102,20.461,0.003270018800401356,0.38089005235602097,10,0.001964805952398423,0.035292537859125034,0.03548538141819734,201
18,3.031,1.9344982092962794e-05,0.2941374663072776,2,0.00035743296923526006,0.0032939731970024577,0.032319670453897505,0
106,44.682,0.014680196138929099,0.4119867862199151,13,0.004545614172712121,0.09338893799670343,0.04042182258606197,312
84,3.615,0.0,0.29187562688064195,1,0.0002594324210108903,0.0029209639356999034,0.03215186372955945,0
114,7.347,0.00016702988801396582,0.31745454545454543,7,0.0009520449420324958,0.008416361222231817,0.03336081528584585,106
115,33.222,0.012713068615311013,0.391304347826087,12,0.0040831189994300875,0.05727028749759705,0.03896729483916571,325
103,3.639,3.647962303764322e-05,0.2905158069883527,3,0.0004931165586509864,0.0025603047363943784,0.03248214004779261,0
113,14.922,0.0022760034237934387,0.3583743842364532,8,0.0016639149190081873,0.0229498311934668,0.034604441610687084,243
116,11.504,8.994272639410683e-05,0.34451460142067875,7,0.0007950319450914546,0.02146338515213943,0.03341355913944772,0
119,7.963,0.00027339683918068677,0.32001466275659823,6,0.0009848373056532311,0.008238700586167026,0.033359663328466856,79
120,7.608,0.00011601221028602422,0.3248976553777447,5,0.000644655998426307,0.011659154647263003,0.0329399411157515,0
131,4.93,0.0,0.3010344827586207,2,0.0003478133963200822,0.004496352167599003,0.032338753818160856,0
127,1.224,0.0,0.24399105645612074,1,0.00033399732772677963,0.00019292871491945868,0.03211726349769483,0
144,5.535,0.005884331012497988,0.32261640798226165,4,0.0017188660633746774,0.0061680318576229215,0.03350165936553706,272
89,8.646,0.0001593057864396776,0.3275797373358349,4,0.0006788505477264579,0.01299405281731234,0.03293446030352279,0
146,4.712,0.0026904127778137714,0.3180327868852459,4,0.0009471570309081544,0.005554915067700055,0.032851215528565514,180
64,1.83,2.9978941810702783e-05,0.2515850144092219,2,0.00045801258322985936,0.0003780434059016558,0.03228316142215671,0
148,2.509,0.0034756498618231683,0.2841796875,3,0.0017284427182310473,0.0019192627886193154,0.033424072688616524,287
136,4.732,0.0004949564652585762,0.303125,3,0.0005119789797864793,0.004638745251267724,0.03251308783876258,0
138,2.222,8.09112219950357e-05,0.26271441468552514,3,0.0005549306981522868,0.0010469616432284127,0.032454236061007745,0
150,1.661,0.0,0.26303103344380835,1,0.000272748542872461,0.0010090580613591486,0.03212963463782322,0
151,30.46,0.005999932087253152,0.38306274681878016,12,0.0028863140786394314,0.051855374201671606,0.037104306215075857,281
80,8.607,1.2514696722723352e-05,0.3222591362126246,4,0.000548141432248152,0.009822116322615902,0.03273743349715478,0
140,2.308,0.0,0.27705490320533166,1,0.00026246713316715537,0.0016219234088350673,0.032135276425911574,0
46,2.758,0.000616825424151667,0.288213931990756,3,0.0008062189510627739,0.0014522523078280278,0.03265209753478184,74
152,1.225,2.0242819900464904e-05,0.25021496130696474,2,0.0005055226212206459,0.0002383622505197547,0.03228052397549735,0
49,13.45,6.099567946295706e-05,0.35793357933579334,6,0.0006917484497526228,0.024864241488376352,0.03331925062231773,0
153,38.175,0.014020683083559908,0.39645776566757496,13,0.004239158618789268,0.0799593496826061,0.039690966499132466,308
155,12.002,0.001533409698867629,0.3394245723172628,7,0.0014816443014327861,0.01356802114751839,0.03415113528807412,220
157,12.989,0.00024257868519741226,0.36819907212146774,7,0.000811815044164407,0.030289768835016006,0.033601552585306754,0
158,10.044,0.0008807843658042275,0.3308071239105722,4,0.0006758461039566715,0.015403503419601193,0.03298591880420984,0
170,25.261,0.001809884314731497,0.3762931034482759,12,0.002069943279255273,0.04251344959047873,0.0358601021997812,20
172,1.265,0.0,0.22134888438133873,1,0.000335281931581959,6.003064033590496e-05,0.03211687559285858,0
175,3.13,0.0002803245426064929,0.2941374663072776,2,0.00043100728671226815,0.0025575015322536953,0.03232082580975839,0
180,1.551,0.00015268722248305106,0.2540005819028222,2,0.0007611852556287269,0.00029908193339803083,0.03244280545338706,73
188,9.177,0.006919728847528705,0.33448275862068966,6,0.0021115987820927835,0.013096278946394119,0.03438450177172031,282
197,5.817,4.711428097586073e-05,0.3078279266572638,3,0.0004963669136399253,0.004317534780286972,0.03253217860093661,0
198,6.018,0.002724211407798613,0.32943396226415095,5,0.0010097595523131152,0.010167578239173126,0.03325717946311548,209
199,14.123,0.0020974474709954034,0.34560570071258906,8,0.001368304061028619,0.021387349158231466,0.034214956354466385,114
100,4.819,0.00021842719762636245,0.3182646737149107,4,0.0006115797240722426,0.004433557015471021,0.03271196845868666,0
204,13.045,0.001280732029992689,0.35430194805194803,6,0.0010148657598657773,0.023599118025642057,0.033616992620301586,133
189,3.35,0.0,0.2919732441471572,2,0.0003707679314406712,0.002374539616433419,0.03230368594028451,0
205,17.564,0.011323422663518786,0.37548387096774194,10,0.002208513472482445,0.02652132017015917,0.035183630177096685,256
195,6.24,0.0004791232203284012,0.30869872701555867,6,0.0009572918477899271,0.005657229856876746,0.0331561494292382,0
207,14.483,0.0036113001110336714,0.3446506119226214,9,0.0018395524836088094,0.019730053330339,0.03481674783213704,248
85,10.726,0.0006315280285562729,0.33929265448892343,7,0.0009623456820397056,0.013039089867570137,0.033476190618925115,0
209,9.886,0.0019745776553093965,0.33916083916083917,6,0.0012203675910151279,0.01112376539344613,0.03361816151478377,132
211,5.572,7.991176914166006e-05,0.32072005878030857,3,0.0004761525363036514,0.006907075052002888,0.03255894485774994,0
212,2.187,0.0,0.2704460966542751,2,0.0003733926760925606,0.0012505603577293376,0.03229806990519867,0
156,4.184,0.0005247792825647761,0.31189710610932475,3,0.000688597220142965,0.003307524140563729,0.032698107380967845,57
217,2.041,5.3495360558472974e-06,0.26224091318714327,3,0.0005683005280703284,0.0006047456624379397,0.032450527696525074,0
220,14.71,0.0002441417210021753,0.35315533980582525,7,0.0008081076824376281,0.025357692883877653,0.03347823923447376,0
222,2.429,8.431032550571023e-06,0.2820678513731826,2,0.00038066156356347146,0.001409003628654875,0.03230235498110504,0
223,40.546,0.023667025156795387,0.4169054441260745,13,0.004723860389105743,0.08558421422438979,0.04008873072379435,323
203,3.205,0.0,0.29443507588532886,2,0.0004190125348905528,0.00283624422501302,0.03231273390437139,0
206,3.474,3.371686800349672e-05,0.29815573770491804,2,0.00038591885628930857,0.0030595576223627547,0.03231986155598697,0
225,2.788,0.009224053172733178,0.2921686746987952,2,0.0015957182628483842,0.002563489692552874,0.032800639993612275,228
111,1.077,0.0,0.2261658031088083,1,0.0004454419754332818,8.018289631150832e-05,0.03211375842509522,0
224,1.118,0.0,0.2261658031088083,1,0.0004454419754332818,8.018289631150832e-05,0.03211375842509522,0
226,8.621,9.866323982186995e-05,0.3250186150409531,4,0.0005455344145087413,0.012018690779966125,0.032784188465727046,0
227,5.901,0.002493498508254114,0.32142857142857145,5,0.0009481170285534897,0.006165460166976564,0.033031463341950826,94
233,4.245,0.00019557124958456313,0.2959322033898305,4,0.0007344614149323288,0.004131669359236954,0.03280658821883693,134
234,24.884,0.006481525072415548,0.36804384485666103,12,0.0026524586797478603,0.036632572544698,0.036217072855050346,270
118,5.857,0.000900313320124857,0.3121201287093314,4,0.0008267935431696225,0.004191185528976388,0.03282740201761284,0
242,15.674,0.0016357284682419985,0.354014598540146,9,0.0017360902186866482,0.02166373526200906,0.034723835969197495,238
245,26.752,0.003407204413410801,0.3718057921635434,12,0.0021748561634341982,0.04830273148081094,0.03606952933247355,178
248,4.537,1.0028643121277507e-05,0.2968378102686161,3,0.0004547034117876971,0.004913968203726391,0.03250137284731566,0
228,2.278,5.5867389016922895e-05,0.27600379386658236,2,0.00043336993285538454,0.0010815504026981985,0.03229259390304495,0
252,3.594,0.00025355468430521445,0.2959322033898305,2,0.0005288950682594323,0.005013171058259316,0.03249743792797705,72
254,3.562,0.0,0.28362573099415206,2,0.0003781756089319831,0.0021392096078753247,0.03231268206578151,0
255,4.5,3.0449526899035364e-05,0.30524475524475525,2,0.0005358910452886382,0.005096028093101232,0.03250712313140651,71
257,6.264,2.4365718329967738e-05,0.3103448275862069,3,0.00046050358317090275,0.0057524732233524304,0.03252775002446068,0
258,7.958,0.0004136454699736067,0.3314350797266515,5,0.0009661125841564661,0.007456660398121783,0.033247089007326584,56
167,2.524,6.369059617901006e-06,0.29285474672928546,3,0.0005432814863590848,0.0018013734839527448,0.03249671217973627,0
259,1.206,0.0,0.24331103678929766,1,0.0003059785069072867,0.0001928588044342648,0.03211491251741364,0
262,4.555,5.0110410623755904e-05,0.3145945945945946,4,0.0005703391784054167,0.005722309104521298,0.032690838330503263,0
263,3.506,1.6226360767072527e-05,0.29887024991441286,2,0.00036462789468781663,0.002925790129279762,0.0323284339306883,0
264,4.121,0.000651662672007776,0.3041811846689895,5,0.0012009982105793768,0.0036791329786359543,0.033334400448658486,221
260,7.469,0.00026682885485489205,0.33719582850521435,4,0.0005832497541960815,0.012193677842035651,0.032805618974478194,0
265,19.939,0.003575995180370004,0.3722814498933902,10,0.002158666800031125,0.02897168230687254,0.035542675835222685,261
266,3.359,0.0001509163762814156,0.2828904731043422,2,0.00041839831744057795,0.0013577644514852774,0.03232281696997895,0
271,3.163,8.31440604516521e-05,0.2877389584706658,2,0.0004019172815953699,0.001567406987940439,0.03232750238569774,0
272,17.629,0.0004888744528695308,0.3582273286828067,8,0.0010045173101818636,0.028876347967665323,0.03387002339508729,0
59,2.711,0.0022909507445589916,0.28641732283464566,1,0.0006461276937158303,0.002400337239775862,0.03231424454140857,93
276,1.041,0.0,0.22270408163265307,1,0.000446593638110456,7.50779976396473e-05,0.03211132644894994,0
279,2.308,0.0005720692740015383,0.2830739299610895,2,0.0005088669090756468,0.0012378971420366196,0.032320998081773786,0
284,3.567,0.0004134512163444092,0.29979395604395603,4,0.0010098464866721908,0.0023153106981275793,0.03298927736806238,169
58,10.206,0.0006914311650008341,0.3420846394984326,5,0.0007849145028341489,0.012339434949122376,0.03316548910431374,0
285,61.06,0.055854901614782036,0.4585084033613445,14,0.008886535278254913,0.17298404137793322,0.04868233474516633,346
43,10.136,0.00017860888419700974,0.34533227848101267,5,0.0006644808908366064,0.019186959090432203,0.03307117899072927,0
286,8.951,0.0035344787273350335,0.33719582850521435,7,0.001536694668329514,0.012235103681231763,0.033932663058629936,237
287,17.877,0.001754554911083823,0.3772687986171132,9,0.0014533246491600523,0.03534514366951406,0.034644733717650006,39
39,2.333,5.5418020603453416e-06,0.2840872111942727,2,0.0003683830092186328,0.002090877364847994,0.03230369387601712,0
288,10.401,0.0008090991071992647,0.3407494145199063,7,0.0011161333242862513,0.014528522112515705,0.03361856772508919,109
294,2.316,0.0,0.2854807063440157,1,0.00026429047599924943,0.0021702072807366695,0.032138356813685605,0
295,17.6,0.003754084041738093,0.36944561997460856,9,0.0012957773274642078,0.030810223945483193,0.03424500110511267,55
292,7.199,4.284418156716642e-05,0.33448275862068966,3,0.0004650028430555891,0.011714159099493988,0.03263062255725888,0
297,3.485,0.0,0.294335805799056,1,0.00026719977785221415,0.0026768538034600844,0.03215019832288162,0
299,1.053,0.0,0.2413602432955488,1,0.0003327185865200971,0.00017375556493185828,0.0321140112826886,0
302,14.75,0.0001376486689317189,0.3390291262135922,8,0.000984979894814185,0.024368540535815875,0.03375886633908055,0
303,4.406,0.0,0.3027045769764216,2,0.0003489884725530067,0.006624305147446661,0.0323572238908515,0
305,1.54,0.0,0.2505021520803443,2,0.000473596167611381,0.0005142775751867569,0.03228346528393026,0
308,4.894,0.0,0.3027045769764216,2,0.0003489884725530067,0.006624305147446661,0.0323572238908515,0
309,3.502,0.00029872413399802475,0.3041811846689895,3,0.0005405447857416295,0.0032085431943859755,0.03251256493958403,0
310,4.265,0.0,0.2916805880387571,2,0.0003583484725860228,0.0037141347116090998,0.03232607208575506,0
191,3.817,1.6719704813480735e-05,0.2995881949210707,3,0.0005113120894261912,0.003222568349667279,0.03249477660739776,0
316,5.696,0.0002205438389754233,0.31757002546380503,3,0.0006282542948018451,0.006112810301752305,0.032722757114433704,54
322,26.628,0.007159980870643518,0.4034195933456562,11,0.0021453611922361824,0.0474579366927353,0.035856924842267546,215
304,3.49,1.3299295525306094e-06,0.30051635111876074,2,0.00036666531618461166,0.0029647225697168977,0.03231475426991059,0
93,9.691,0.00011661219390411697,0.3370656370656371,6,0.0007518501095525492,0.012701283072186927,0.03312362928884241,0
324,17.625,0.0021135951953464033,0.3595551894563427,10,0.0019465382385153481,0.02227175472049034,0.03513822696769758,233
326,11.62,0.00029965646440367196,0.3418167580266249,6,0.0009544968206309694,0.018744579532081248,0.033537851884692646,102
327,4.613,1.142682739726392e-05,0.3071780436312456,3,0.00044885804924746494,0.004511020749767783,0.03250334939345842,0
320,1.25,0.0,0.23735725938009788,1,0.0003753988915423561,9.938085232640492e-05,0.03211240394472524,0
328,4.439,0.0022909507445589916,0.31111903064861013,2,0.0007191178760566671,0.0031766177653706393,0.03252974478830404,92
330,13.674,0.003911842081660979,0.3504616619831393,9,0.0019597342949333003,0.020253969343740342,0.03484623838098068,275
334,26.618,0.006993108182039825,0.39271255060728744,12,0.0027141806924001833,0.04488013448907064,0.036768291182285064,260
154,3.519,0.0,0.29090303232255915,2,0.00036580622049512215,0.003020517815025042,0.0323239608590293,0
177,1.192,0.0,0.23373493975903614,1,0.0003427286579427939,0.00010169164765925289,0.03211396426522997,0
341,4.162,0.0026650253363560287,0.30492490394690885,3,0.001006290159388542,0.0032507286900193035,0.032841808978561246,146
345,6.816,2.9998851650337797e-05,0.3106761565836299,4,0.00056687327003352,0.008441013880915622,0.03269875481699277,36
344,6.836,0.00018565516093417244,0.334610962054427,4,0.0005872263812947258,0.009469355318663787,0.03278367008853452,0
351,10.269,0.00019138010630654373,0.3370656370656371,7,0.000997570836952119,0.01392637199584917,0.033607493231962625,4
352,5.66,9.93196880575249e-05,0.32672155688622756,5,0.00068962634376314,0.006842975768921525,0.032906104443865644,0
357,6.902,0.0004008769444101741,0.3234531307891812,5,0.0008201882069551962,0.005864715778765996,0.03308027270457232,113
359,5.238,0.00026108367876081227,0.3213102686786897,3,0.0006515231062401734,0.006868425588642186,0.03270706367272604,108
361,1.071,0.0,0.20880172207605835,1,0.0003928659511742982,1.9473630155026394e-05,0.032113616850074196,0
363,1.826,0.004610241497195966,0.2638259292837715,3,0.0012959532458295473,0.0006222504516515517,0.03277232241133879,193
362,1.048,0.0,0.20880172207605835,1,0.0003928659511742982,1.9473630155026394e-05,0.032113616850074196,0
365,8.783,0.0,0.32611131864026893,3,0.00043672012003919585,0.011414324377732552,0.032603505927305994,0
369,4.08,0.0013661933751584318,0.3121201287093314,3,0.0006029076519850517,0.004399163652776431,0.03255476265715393,0
371,2.737,0.0,0.28399479505530256,1,0.0002594919448527588,0.0025008445825671377,0.0321482095394529,0
375,14.109,0.001294736854222783,0.3504616619831393,7,0.0013922817097070826,0.01962010313059769,0.03422931464421352,208
23,1.588,0.0,0.25319025522041766,1,0.0002809560762330374,0.0006384926487786184,0.03212069286217367,0
382,14.851,0.003537682592707419,0.33889751552795033,7,0.0015441815297327227,0.020415537187607313,0.03418755123935887,254
339,5.652,0.00011982934627179915,0.3230940044411547,4,0.0005831321062911907,0.0060657920537235885,0.032732807855327596,0
388,11.849,0.0007335906513054292,0.355166802278275,7,0.000968387572064735,0.024131535964559095,0.03364263610157216,100
393,10.303,0.0024657488792748437,0.32672155688622756,6,0.000998201730492315,0.012464761418831825,0.03326717253414464,91
392,1.176,0.0,0.24633182844243792,1,0.0002926720105279098,0.0003898782281289411,0.03211609102140074,0
394,20.719,0.0019055564511061697,0.38155594405594406,11,0.0013892102843998957,0.0365883403364008,0.03468900000453334,0
396,4.468,0.00023985200373439523,0.3073943661971831,3,0.0004921514610255805,0.0033070726026229367,0.03251894716173918,0
400,23.128,0.005111765455231705,0.39077887197851385,11,0.0018263648726362677,0.04260778196292463,0.035285624602819164,160
402,9.076,0.00019195759849468033,0.33244478293983243,5,0.0006836477556769775,0.008364935107488036,0.03295064508508436,0
403,4.016,0.00021021238470066242,0.29463381707728653,3,0.0006988901739337786,0.0024375814004431533,0.032657453970391125,0
404,18.883,0.001010974723002101,0.3561811505507956,9,0.0012939588007894714,0.02371213881289777,0.03427241660898096,10
405,14.692,0.0005571005009039543,0.3560358890701468,9,0.0011240328389271813,0.024918328304076368,0.03400356707099838,0
70,8.621,0.0003088932675980733,0.3325714285714286,4,0.0007143591356590106,0.012398169209038388,0.032965623760263726,0
406,11.355,0.005114110908021834,0.3430255402750491,6,0.0017316511962529805,0.012346150487671969,0.03412200907960249,262
121,6.49,0.0004066982842042745,0.32844243792325056,5,0.0008019745837376988,0.010090406923409253,0.03309170262681765,0
183,1.441,0.0,0.25548726953467954,1,0.0002942485445624456,0.0003861718932953077,0.032120365204735025,0
409,5.147,0.00024987196929140656,0.31493506493506496,5,0.0007984020127659399,0.005164104219169646,0.033013029774418216,0
410,1.326,0.0,0.2413602432955488,2,0.0005548035502464968,0.00017561768637803813,0.032277902882914954,70
411,1.303,0.0,0.2413602432955488,2,0.0005548035502464968,0.00017561768637803813,0.032277902882914954,0
416,20.328,0.0030340467873108535,0.3635985006247397,10,0.0016158833236796391,0.03407369553748208,0.03473443772064767,99
289,2.907,3.5005208838640094e-05,0.2804368776100225,3,0.0005197416653119659,0.0024383406885159988,0.03246171132622957,0
423,5.453,8.812547824488132e-05,0.28298217179902757,4,0.0007346658608597112,0.0044169735995321525,0.032820896574586166,131
424,16.679,0.00970411279245021,0.3654248639598158,10,0.0027956716118614604,0.022094727184624297,0.03591556675883396,290
422,4.055,4.855576942771733e-05,0.31100819380121125,3,0.0004934201056439567,0.004994169174991856,0.03252334267530538,0
429,1.773,0.0,0.2726420986883198,1,0.0002691052601178953,0.0010694726769186497,0.0321300389520423,0
417,4.061,0.00018236602626278743,0.31111903064861013,2,0.0007845680268658555,0.003279212338883749,0.03269241205676535,145
430,2.472,0.0,0.2815220896485005,2,0.00046035379696319177,0.0013311333783323366,0.03232224609455797,0
431,32.156,0.004043815179759317,0.37613097802671264,12,0.0022652343114215627,0.05714315951836505,0.036361032111697104,250
433,39.863,0.030841454191205576,0.41950985103315713,13,0.005686376961807205,0.08537226345329099,0.04138766172820102,333
323,8.919,0.0004669006969718968,0.3333333333333333,5,0.0008620321607139408,0.008516647959043637,0.0331118101183113,0
348,8.334,0.0002860521751342051,0.33916083916083917,5,0.0006357800277726008,0.01306467560307987,0.032995075790216495,0
7,10.726,8.666251700550275e-05,0.3339709257842387,7,0.0007971385412432544,0.018939141933158477,0.03334356201963108,0
434,13.508,0.00013830920558040625,0.3464285714285714,7,0.0008993473320000702,0.019152127469997067,0.03353721208418501,13
435,2.116,3.657323412663216e-05,0.2822502424830262,2,0.00043254690642819093,0.00138227848935816,0.03228849596628327,0
437,1.66,0.0,0.26770929162833484,1,0.00027965071880370985,0.0006911534115031061,0.032129332927136336,0
440,8.555,0.00012685762537361544,0.33181299885974913,5,0.0006994960443203197,0.008015321040106126,0.03292265934128024,0
441,5.366,0.00032213548213089107,0.3211920529801324,4,0.0007260376777683171,0.006736080318709436,0.03286826859561712,53
445,11.596,0.00021631839171378398,0.3373261205564142,6,0.0008240134271355229,0.016185899014738464,0.03331928466955354,59
447,6.201,0.0001621889342633846,0.31978021978021975,4,0.0006848900608989585,0.008998718367849426,0.032886110286211974,105
105,4.873,0.00011248476220868757,0.3117857142857143,4,0.0006006737742652199,0.006444036589771244,0.032696651630919636,0
451,25.631,0.0039638023254503505,0.3906040268456376,12,0.0021998656100897327,0.04881203525154835,0.03613303017272956,175
256,2.937,9.859577029769993e-05,0.2921686746987952,2,0.00046808203872410214,0.0025354448887510666,0.032315181319661525,69
457,2.57,2.8069278141625564e-05,0.27513394264103375,2,0.00047224800814470045,0.0012138198736629119,0.03229517372969189,0
134,1.927,0.0022909507445589916,0.26729944886711576,1,0.0006724646912797153,0.0008026241049421456,0.032282781900081575,90
459,1.06,0.0,0.2109714838086032,1,0.00045816620654328104,2.5108491109617855e-05,0.03211116914639373,0
460,25.341,0.0035729073504911432,0.39271255060728744,12,0.0018624563475384698,0.048612516985469804,0.03552259298941965,184
461,4.986,1.319831634435755e-05,0.3089171974522293,3,0.0004460686196275761,0.005484479654879925,0.03250488912108899,0
112,14.336,0.0005293262138162509,0.34383615596691613,8,0.0010752408784999307,0.02307353509582964,0.033916298693920544,0
463,13.665,0.00030386905494355184,0.33156095708317507,8,0.0011916734706301359,0.0237343663232356,0.03407531236452765,80
466,2.09,0.0,0.2735819492322156,2,0.000381784945635077,0.0010943881712521327,0.03230198003295305,0
467,7.368,1.851654336968177e-05,0.3089171974522293,4,0.0005257173171817366,0.00756565930044766,0.032706979606773975,0
387,2.339,2.0512610374877414e-05,0.28325762491888384,2,0.0004001398682075461,0.001663329010731662,0.03231394990044489,0
469,12.486,0.0009240544082317996,0.35329825981384055,5,0.0007951446619281078,0.020462683598158945,0.033274459177277824,68
470,2.813,8.26037417918383e-05,0.2841796875,2,0.0005786755683432206,0.001584755202748187,0.03246257943955589,67
472,18.647,0.0023385263062581903,0.37196420962931404,9,0.0016239483174155752,0.029775575702760612,0.03473879730320361,185
415,4.399,8.49892092227708e-05,0.31757002546380503,3,0.0004800996786734481,0.005776941634064587,0.032552700089487095,0
474,6.05,0.00022941277030108536,0.3241737838841441,4,0.000619675592072041,0.006356810431348008,0.03272240894874862,0
475,9.837,0.0007294551127792226,0.34615384615384615,6,0.0010482017299366104,0.013001062753273595,0.03350614705028738,101
476,4.796,0.00024928022297522796,0.30990415335463256,5,0.0007494314072032434,0.004282867021347765,0.03287049832900469,0
125,1.595,0.0,0.27349624060150374,1,0.00028355542712428235,0.0009247558571150253,0.0321301067469325,0
477,21.988,0.011017028128778993,0.3762931034482759,11,0.002896560693681472,0.029562333152552515,0.03607034079948983,285
313,2.289,0.0,0.27349624060150374,1,0.00028355542712428235,0.0009247558571150253,0.0321301067469325,0
478,5.136,0.00500937612016435,0.3179169701383831,4,0.0013847029219039937,0.005438576227942741,0.033351632808491946,223
479,24.762,0.02436323597871329,0.3753224419604471,11,0.005995229523062719,0.032713231791478614,0.03956454396972897,336
370,4.236,3.706199204402223e-05,0.30396935933147634,2,0.00039570917730801083,0.003513388368234792,0.03239268022078042,0
391,2.87,0.0001411357547584678,0.29080612924716853,3,0.0005418303440174398,0.002055464830280791,0.032500822748382646,0
401,1.865,0.0,0.27298311444652906,1,0.00028750849388787955,0.0010232930596689122,0.0321475777415535,0
412,1.906,0.0,0.27298311444652906,1,0.00028750849388787955,0.0010232930596689122,0.0321475777415535,0
482,7.241,1.2750673485893822e-05,0.32893745290128107,4,0.0005530612995978327,0.00949196340244668,0.03275513882376698,0
413,1.929,0.0022909507445589916,0.2677914110429448,1,0.0006876710228474793,0.0007941747736895365,0.03229645799204527,89
485,1.046,0.0,0.21127783155856728,1,0.00046392951157657653,2.484689520664432e-05,0.0321112375268929,0
489,3.174,0.0,0.2956315611242804,1,0.0002683228242895062,0.0026703126811362435,0.03215669297831163,0
490,9.767,0.0023648572985546915,0.32807215332581735,5,0.0009079493042037593,0.012487259790917391,0.03310128947705163,130
147,1.343,0.0,0.24709878290404755,1,0.0003002195019702165,0.0003905705518404977,0.03211526160599014,0
492,2.739,2.5398119604093095e-05,0.27927063339731284,3,0.0005017036124733364,0.0023009686365761733,0.03246667982923619,0
493,7.758,0.0002791481693423942,0.3308071239105722,6,0.0008033038368564613,0.008947875293785068,0.03314407634537751,0
494,2.489,0.0,0.2968378102686161,2,0.00038104802502496814,0.0023099116240155827,0.032311387936233595,0
498,9.009,6.767915413851971e-05,0.33231823372668445,4,0.0005484349190288467,0.013413635200117933,0.03280589316341403,0
500,6.428,4.861230351074232e-05,0.31630434782608696,5,0.0006409715415490516,0.008225565354600471,0.0328790220496875,0
501,19.411,0.01910853887856907,0.3652719665271967,11,0.004265509576544989,0.025363197844558462,0.037229346678724094,322
495,7.822,0.00010994008534722276,0.34008570315543435,5,0.0006859735054092068,0.011161309664097141,0.0329919371914491,0
496,2.345,0.0,0.2676272225628449,1,0.000292615902816907,0.0007933971380509217,0.03213590180458326,0
497,1.538,0.0,0.2676272225628449,1,0.000292615902816907,0.0007933971380509217,0.03213590180458326,0
502,16.458,0.0011880488855496609,0.35778688524590163,10,0.0014607645348300522,0.026124747644706,0.03446196612100633,121
503,1.04,0.0,0.18978260869565217,1,0.00048201736195330067,3.18691314627709e-06,0.03211113987463341,0
505,1.099,0.0022909507445589916,0.23417381974248927,1,0.0007279665958755369,0.00010185032179754129,0.03227692660106354,88
507,2.294,4.892120193121576e-05,0.2767913760304375,2,0.0004213564768120256,0.0014265363750800202,0.032296970174254314,0
508,8.432,0.002411311611453138,0.3386346004654771,5,0.0014171254980502132,0.009564236931872567,0.03380085637801425,177
511,3.621,0.0,0.3010344827586207,2,0.0003893140131476031,0.003463709819187165,0.03234283954056835,0
514,3.567,2.8131135280317956e-05,0.28669950738916256,4,0.0006167734594047664,0.0024676733568324573,0.03265292107540542,0
513,2.699,0.000985606057528796,0.2852941176470588,4,0.0010399398200825044,0.0017648580750849658,0.03296360854797798,154
516,1.566,0.0,0.23826419213973798,2,0.0004658999455561777,0.00015696509956097913,0.03228118893247903,0
517,15.452,0.0036824648330617826,0.34836392657621706,9,0.0015699381752186615,0.01971853002935796,0.03420607090100251,191
464,1.571,0.0,0.25843694493783304,1,0.0002828416738242611,0.0006167620934351863,0.03212078546445531,0
518,1.375,0.0,0.27306850172036284,1,0.00028196894329958916,0.0008295670519491258,0.03212567321515935,0
519,3.045,2.9685755757565837e-05,0.3014502762430939,3,0.000534736184785581,0.0030378612864714032,0.03250725012136991,0
520,15.13,0.0008667872730911053,0.35970333745364647,9,0.0010627186333824088,0.020787520183721868,0.033781274415650896,0
521,19.19,0.008199331000155033,0.37645536869340235,9,0.002772220802451194,0.02901024478064346,0.036196280307499155,303
241,15.225,0.00019553496116196344,0.3574938574938575,7,0.0008060955745206543,0.026671419297497882,0.03352782620889751,0
522,4.389,0.006532546155917311,0.30545836249125263,5,0.0013815373322016123,0.0032525636032457042,0.033323136275622625,227
523,12.928,0.0011789143460811534,0.35159081755940397,6,0.000977411849296228,0.017960397174125144,0.0335549849102494,19
527,1.198,0.0,0.24310776942355888,2,0.0005356512900053747,0.00017427144109139045,0.032282141692840674,66
528,1.478,0.0,0.24310776942355888,2,0.0005356512900053747,0.00017427144109139045,0.032282141692840674,0
529,2.725,7.51465771183025e-05,0.2972420837589377,3,0.0005262001782360487,0.0020995225538318245,0.0324995346915317,0
531,5.828,0.004573937235942989,0.32060227690047743,4,0.0014539007242489526,0.004596945704845409,0.033392904011291365,235
385,5.442,0.0002798515055022972,0.315504156125768,3,0.0005145637344063875,0.005328819425762398,0.03252897521153109,0
526,1.222,0.0,0.24283727399165508,1,0.0003260509977609683,0.00014382346457393342,0.03211671973115707,0
536,28.042,0.01014863706221585,0.3999083829592304,12,0.0031473486103824524,0.04732655256025347,0.037143007803301986,280
273,4.675,8.784224239912067e-06,0.30924548352816156,2,0.00037705468142158,0.0035492140918732965,0.03234852757468951,0
504,5.416,0.0006511377840937123,0.32893745290128107,3,0.0005449352942182826,0.007062008762302629,0.032560437075123544,0
538,3.112,6.074286890477452e-05,0.29523165370307747,2,0.0004164284306951164,0.0022837060855602238,0.0323263481259012,0
540,5.403,8.361096665195485e-05,0.3265993265993266,4,0.0005782458275443378,0.0068412504919343736,0.03275320254852677,0
541,15.575,0.00010494129533288633,0.3628428927680798,7,0.0008084092664476274,0.027733396247805832,0.03352711770202836,0
543,11.025,0.0003823039948956906,0.32733408323959506,8,0.0011680123015465518,0.016323441918236443,0.03380582705055617,128
545,31.414,0.015091903635308174,0.4062354583527222,12,0.004118303515307339,0.058967644455218626,0.038582929696029264,315
537,4.353,0.0,0.29887024991441286,2,0.00037289325598464094,0.0028623496565743914,0.03232590861220501,0
542,2.787,0.0,0.28897715988083417,1,0.0002716500224471934,0.0018444449052753458,0.03214266949477614,0
546,6.108,0.0,0.3209558823529412,2,0.00035747713149122896,0.007254976503616547,0.03238608000911058,0
547,6.729,0.002907028831529389,0.3314350797266515,4,0.001148067415053588,0.010273650712457299,0.033240371072064956,183
552,5.946,0.00654012357858115,0.3209558823529412,5,0.0020816530573059145,0.00539563076997348,0.03419515599962271,293
544,1.568,2.5636395071165432e-05,0.2639056831922612,2,0.00044021555326322493,0.0005083933956284482,0.03229242371407794,0
554,10.416,0.0004579568091890236,0.3489208633093525,6,0.0009134373891548516,0.014589700809311396,0.0333771351139122,0
555,55.498,0.02876337069099983,0.42255566311713455,14,0.007700910031636411,0.13323312392053954,0.045803451250223705,343
35,7.829,1.9792537618869426e-05,0.33043149129447386,3,0.0004327190501308494,0.013420485918605576,0.032647210295088845,0
160,3.369,0.0,0.29714091218516,1,0.00025889421706678183,0.004167091209889419,0.032178771605271675,0
194,6.064,1.644918408613598e-05,0.3278257604205783,3,0.00043692421494017893,0.012986345005279515,0.03264406261128075,0
306,15.015,8.881155310190733e-05,0.3582273286828067,7,0.0007985740196357143,0.027642776715395324,0.033531111388456374,0
556,4.366,0.0,0.3134649910233393,2,0.0003798507058673247,0.0043345402138412256,0.03238777197400306,0
557,14.024,6.739289076124068e-05,0.3560358890701468,7,0.0008128459538102859,0.024360204400246815,0.03346450390990826,0
560,1.911,0.0045792742520255995,0.28745472505762265,1,0.0010915005427930811,0.0018933007054679114,0.032466919467642866,159
561,1.148,0.0,0.22333077513430544,1,0.00048446420327397875,5.922538340788353e-05,0.03211208982688544,0
562,2.785,8.440744774703958e-05,0.3023900242466228,3,0.0005389743786982581,0.00300360064939733,0.03249118349634298,0
569,19.901,0.0011826793069480788,0.3691331923890063,9,0.0012203707809202312,0.0318386563285122,0.03424635240954158,35
564,6.179,0.0027696140778538424,0.33030646992054485,5,0.001345039153268431,0.007652300784726309,0.03337498859583732,216
570,1.153,0.0,0.2483641536273115,1,0.0003144732608989315,0.00023937240776389382,0.03211663013376324,0
571,20.859,0.007333829151317267,0.38782763216348287,11,0.0026502583517816402,0.03454097090291254,0.03615194933152184,278
576,2.711,3.74133708121598e-05,0.28859504132231406,3,0.0005179596730591656,0.0015903729000179517,0.0324638602712648,0
577,2.513,0.0,0.26672777268560954,1,0.0002697252772528555,0.0010657723582987101,0.032123427202335,0
582,1.724,0.0,0.25071797817346353,1,0.00030056665198047996,0.0004096209639504993,0.032121677663188866,0
586,29.837,0.0018947726478888436,0.3888641425389755,12,0.0018384305294970053,0.061741341145533896,0.035844827059867364,34
592,4.986,0.0029443709572027736,0.31814868804664725,5,0.0012369133180409615,0.006801609245955049,0.03318133469778863,247
585,1.127,0.0,0.24142699115044247,1,0.00032201497357321485,0.00021274852413831388,0.032115661870065704,0
591,1.886,6.680176308768995e-05,0.2692782233189389,2,0.00045528826164571435,0.0008500815204677552,0.03229497963917346,0
593,4.599,0.0002119485931279351,0.3171086087904105,5,0.0008147136389359897,0.005647064810575662,0.03285657208830916,25
594,7.221,0.0003970393606001152,0.3202494497432135,5,0.0009184013624782858,0.007981791838492036,0.033050172551095824,120
596,3.834,0.0001841070884117305,0.29948542024013725,5,0.0007777189330822045,0.004146442690029644,0.032822264957031305,0
597,1.73,4.392768940672722e-05,0.26161222655079414,2,0.0004401654918650813,0.0007309698242177975,0.032287879449424295,0
600,16.437,0.005902767332549049,0.36435726210350583,9,0.0017086539367593596,0.02563421954567168,0.03449419691280903,176
608,7.721,0.00048679911590386235,0.34128225175918686,5,0.0010126988889660364,0.012356089568656506,0.03345628636312601,138
610,5.258,2.336902441432709e-05,0.2947332883187036,4,0.0005557239501984541,0.008019045234430535,0.032716549927617695,0
615,4.206,0.00013409561354197486,0.31884587289992694,2,0.0003995649340400138,0.00812432774442386,0.03241108917761431,0
617,20.8,0.000677879012078592,0.3640533778148457,8,0.0010994032963160198,0.03801141365430711,0.03415985688092701,12
622,9.661,0.00870417110117608,0.3492,7,0.002024802742042643,0.010854174671203259,0.034338560423184034,266
607,3.61,3.110667534563276e-05,0.3134649910233393,3,0.0005165905782251881,0.004353412101244353,0.03254490429484392,0
625,7.003,0.0008441512448454058,0.3198973983144009,5,0.0009202873882622924,0.007294747687057764,0.03323328219836619,0
626,35.909,0.01680831337151144,0.37956521739130433,12,0.0044627176965019106,0.0624096200427011,0.039281289978455376,329
275,4.593,0.0,0.29613297150610585,2,0.00034896560566083736,0.00553177780824301,0.03235507369729166,0
338,10.213,0.002643605082478975,0.31200857755539674,6,0.001306873824071288,0.012475924499540563,0.03373822367220985,203
524,2.346,0.0,0.27522068095838587,1,0.00026640922811121276,0.0019518919361774566,0.032146161275405656,0
535,6.221,1.699778097487171e-05,0.29979395604395603,4,0.0005385450153793151,0.007765032239868102,0.03271170069806105,0
629,4.104,0.000147709448488736,0.30207612456747407,3,0.0008360637204147207,0.0033034543022386086,0.032813908591645756,144
631,2.649,0.0,0.2905158069883527,2,0.0004091485159005342,0.0018917482019274441,0.03230290672624534,0
632,32.51,0.011080726084606586,0.4088992974238876,12,0.003365716200235452,0.05717523243427603,0.03781646945910477,299
99,6.677,0.00017250824237401223,0.32672155688622756,4,0.000588453840272473,0.00714348579416147,0.03277881439179738,0
635,20.775,0.0020544924864919693,0.354158215010142,10,0.0020934635004589996,0.03705006825351496,0.03570986862323716,265
66,14.131,6.816086732443322e-05,0.3498997995991984,6,0.0007111964317640268,0.0223165222751022,0.03327398542901535,0
641,1.125,0.0,0.23261390887290168,1,0.0003678704636280258,0.00010031610272295303,0.03211229130511166,0
644,4.135,0.0022909507445589916,0.3030197847969455,2,0.0006923970138290583,0.0032065193827324457,0.032507216907330216,87
653,16.025,3.608400568969696e-05,0.33422664624808573,9,0.0009300713319415888,0.030325766757366788,0.03381819373541405,0
657,9.831,0.002583720098776465,0.33422664624808573,7,0.0013789845731231347,0.015279117526155718,0.033932068209712854,236
636,1.23,0.0,0.25057405281285877,1,0.0002781701690665997,0.0004778927799551793,0.03211941548084977,0
658,39.492,0.024428605576243757,0.4121813031161473,13,0.005292027167964801,0.0798456851931474,0.04079015051053273,330
609,3.829,2.0244582262903272e-05,0.31504871887405267,2,0.00037555075250925054,0.004987566200483671,0.03239880793845326,0
640,11.191,0.0,0.3468414779499404,3,0.00043990985992802846,0.01519802178210069,0.032692837723810826,0
661,3.005,3.344163492250117e-05,0.3010344827586207,2,0.00036847389800277015,0.003506528953276939,0.03233358485472303,0
666,10.076,0.002071412234228687,0.34451460142067875,7,0.0014107285970458168,0.012345568889666356,0.03400187779151563,98
667,5.014,3.9898165456035635e-05,0.32393320964749533,4,0.0005879990911625422,0.006962676151293477,0.03270747375424357,0
671,1.994,4.899484371808486e-05,0.26869806094182824,3,0.0006003066440856213,0.0006864556952112886,0.03244085551996046,168
678,1.598,0.0001598761357673964,0.2767913760304375,3,0.0005876394172139381,0.0011800595089716099,0.032461382522002355,0
677,5.571,0.0008174518747021223,0.3288135593220339,4,0.000774527787763351,0.008130098589299225,0.03290202004067781,52
680,9.196,0.0005951209821885353,0.3333333333333333,5,0.0010985776858320757,0.008671704717584038,0.03344739917117959,167
683,5.096,8.109863832932633e-06,0.30577933450087563,3,0.0004813513822913132,0.0035702288971237476,0.03251415721575066,0
685,5.312,4.624298486429679e-05,0.3165337200870196,3,0.0004893571541794428,0.005182796023714519,0.032568852645866855,0
687,8.667,0.0029732542484812445,0.32261640798226165,4,0.001254222046453089,0.007632208779624797,0.033419699275474606,214
688,4.086,7.648179091162792e-06,0.2976474599386294,3,0.0005290991899857216,0.002925114267876989,0.03253225699106735,0
689,9.733,0.005680247038283868,0.34780876494023905,5,0.001524919044507904,0.013779562329501147,0.03366215399555373,239
549,1.241,0.0,0.25813128326434065,1,0.0003157332326667869,0.0004310300727614455,0.03211806591955778,0
558,1.518,0.0,0.25813128326434065,1,0.0003157332326667869,0.0004310300727614455,0.03211806591955778,0
693,3.78,0.0,0.30124223602484473,2,0.00036977385217634517,0.003577932880961764,0.03233446497335953,0
696,8.153,9.290229527120735e-05,0.32611131864026893,5,0.000710192720221446,0.007959422596058413,0.03296173892875893,0
699,1.152,0.0,0.24399105645612074,1,0.0003049553752302734,0.0002387746325609576,0.03211685368689894,0
700,4.417,0.0001480385516975742,0.30072338959696865,4,0.0006803028076715983,0.0035137749957123154,0.032696607121981365,0
702,8.688,0.0002738395608661451,0.3602971522905489,5,0.0006689719319535224,0.017175401547838805,0.0330996624612523,0
707,5.392,0.0012662259760002448,0.33602771362586603,3,0.0006436136747677373,0.011197297097632722,0.03279651533828448,0
711,22.117,0.004699851891053043,0.3554560260586319,12,0.002109709280786834,0.03765251561896117,0.03555783863019129,230
343,1.917,0.0,0.26231971153846156,1,0.0002659528609172257,0.0011775793350945985,0.03212754418391682,0
443,6.95,4.812634543241948e-05,0.3081539004588775,4,0.000644865662392977,0.00956993079950667,0.03288803379189143,33
714,37.61,0.038750103499231095,0.4131566493137719,12,0.0069941922564452095,0.062176989537873116,0.042079826455441845,337
196,2.416,0.0,0.29246231155778896,1,0.0002778523360408311,0.0019449658781600032,0.03216015395506714,0
238,3.447,0.0,0.29246231155778896,1,0.0002778523360408311,0.0019449658781600032,0.03216015395506714,0
701,2.2,0.0,0.29246231155778896,1,0.0002778523360408311,0.0019449658781600032,0.03216015395506714,0
712,3.415,0.00027190842265590107,0.3101243339253996,4,0.0006626740817879671,0.003339926737942331,0.032676923706502416,0
715,3.098,0.0,0.30354659248956883,2,0.00038027611912805706,0.003025427867203977,0.03234091346920033,0
539,8.794,0.00040125100683647766,0.3247767857142857,5,0.0010477597650388134,0.007775555594211418,0.033448486512232846,32
717,6.61,0.00029639357817932353,0.313915857605178,5,0.001191931851790296,0.00595323640121058,0.033563138305651066,219
719,6.16,0.0011358893539077446,0.3368055555555556,4,0.0007377403819484073,0.009568556790208817,0.0329621871463851,0
720,4.519,0.004582339361966715,0.3029146426092991,3,0.0008615986607846899,0.0033964303115280882,0.03269510942453317,0
721,7.187,0.0006329504988894059,0.322735674676525,5,0.0011453420779186547,0.006905977175127081,0.03343545505004092,0
722,3.28,2.0492627389712142e-05,0.288213931990756,5,0.0007426078025208303,0.002249148459230407,0.03281060557598169,0
723,5.212,0.00025740305639084047,0.3030197847969455,5,0.00087411941826952,0.003951413765157403,0.03304453336281166,58
724,3.142,3.20980501566311e-05,0.2890728476821192,5,0.0009826423003846789,0.002694557336155738,0.03314336140777964,163
726,27.884,0.01545614313379485,0.39609800362976405,12,0.003455049250829397,0.050235493018829964,0.037711893689076785,313
731,8.585,0.005076120771217739,0.3310580204778157,6,0.002202049304022015,0.009063067475542206,0.03470723704820197,301
733,6.923,0.0032368470692138857,0.32249722940524567,6,0.0011792256528468188,0.00778263447071849,0.033366280188603784,172
734,20.889,0.0008486149194023574,0.3718057921635434,11,0.0013087935127676976,0.03209428966430436,0.034438739867021076,0
735,10.354,0.00028062731727102226,0.3504616619831393,5,0.0008355844060289387,0.011819532078067093,0.03320196764418337,0
737,6.128,2.299406060333267e-05,0.3082627118644068,3,0.00044767441201192995,0.005606729425215013,0.03252011926745946,0
738,11.299,0.00042051698887792427,0.34780876494023905,4,0.0007220551834740819,0.016777818222686952,0.03303746845599446,51
729,4.096,8.263402143826553e-05,0.3196631270596851,3,0.0005021757580802869,0.006623804928090171,0.03254756144342781,0
739,35.259,0.021879482457688268,0.4024896265560166,12,0.00467514748720115,0.06041072781628189,0.03920874675835064,321
336,4.67,0.0,0.311452015697467,2,0.00038166641476956365,0.004379690022621406,0.032390901049406264,0
347,2.057,0.0,0.28707661953304836,1,0.0002734657313494324,0.001889594714055525,0.032145798570179344,0
378,21.596,0.0002651200128710417,0.3746781115879828,9,0.00106776696375949,0.0433476797514905,0.034260079214114066,9
384,7.028,2.0812818615950342e-05,0.33797909407665505,3,0.00047011900308515064,0.01012901318903906,0.03264854419619163,0
414,6.115,0.0,0.3196631270596851,2,0.00036730283741774194,0.007084342167228413,0.03239350458033769,0
742,2.695,7.354745821347101e-05,0.2899368980405181,2,0.0003829411370420354,0.0023901268609816824,0.032324347482315,0
676,9.071,0.004284388634122548,0.356472029399755,5,0.0011791849616722006,0.01492996966098995,0.03354939916922556,119
751,2.491,0.002414482755959683,0.2728977805564239,4,0.0009992446462604439,0.0010846625577895655,0.03278328134812509,86
750,1.05,0.0,0.2144436256448047,1,0.00034150724856724264,3.393600871362455e-05,0.03211367164168456,0
752,2.261,0.0,0.2676272225628449,1,0.000292615902816907,0.0007933971380509217,0.03213590180458326,0
754,3.788,0.00018602663229122976,0.3029146426092991,3,0.0006796093545116781,0.0033075314036166807,0.03267623797773713,0
755,7.59,0.00017125197760102179,0.335511145272867,5,0.000792032397761861,0.010034985932050185,0.03310049114099045,0
758,1.821,0.0,0.2487888287261328,1,0.0002887017658657457,0.0002835197150991436,0.03212329136625929,0
760,7.827,0.00035313123093570433,0.3419506462984724,5,0.0007895543367345608,0.013189650053960222,0.0331600134803575,0
764,3.697,0.0037476200485212457,0.3277027027027027,2,0.0008440077064792986,0.008699082385889642,0.0327539474732148,153
766,9.274,0.003094443417301609,0.3458795562599049,4,0.0009589529848830485,0.016402886057167696,0.033209392250311255,152
769,1.317,0.0,0.24992842828514172,2,0.0005733518908444138,0.0002839239365243926,0.03227573288385528,0
771,8.332,0.00014212578975450281,0.3042872080864413,7,0.0009973776895229275,0.011569485616740965,0.03354243345736798,22
772,10.126,0.0010306596102878452,0.33719582850521435,7,0.0015520321289894878,0.012639221469555805,0.034284364647301106,245
781,4.613,0.0,0.311452015697467,2,0.00038166641476956365,0.004379690022621406,0.032390901049406264,0
786,26.742,0.0014672951852512022,0.3725992317541613,12,0.0020744837966088694,0.05421566020129269,0.036126881953198416,232
787,8.729,0.0005929888243372707,0.32441471571906355,4,0.0009906301869804946,0.008254995782127496,0.03320909959255777,189
788,3.675,6.018509636596576e-05,0.2879287598944591,4,0.0008255178044473323,0.004221638851955854,0.03297139081644608,226
575,6.129,0.00014705470999124045,0.3187294633077766,4,0.000559799006381308,0.009955642897628932,0.03275739615087471,0
789,16.762,0.0014363875402381998,0.3561811505507956,8,0.0012421178679641437,0.031020647135997254,0.03419227672730355,149
756,3.062,1.5065148049321572e-06,0.2774952320406866,2,0.00035574946633818805,0.002608307668303446,0.032299765745904326,0
790,3.797,0.0,0.29673691366417404,2,0.00044570314814212973,0.004597901302927342,0.03233027365700902,65
792,3.427,0.0,0.29673691366417404,2,0.00044570314814212973,0.004597901302927342,0.03233027365700902,0
793,11.359,8.280047128215416e-05,0.32598954443614636,6,0.0007004787818205933,0.015026741430803237,0.03312592894864462,0
796,3.431,4.695175184507119e-05,0.3078279266572638,3,0.0005008821566892558,0.003234505701409654,0.03250983950259258,0
798,1.615,5.7288096249101955e-05,0.27137084239975134,3,0.0008214815080463303,0.0008288354037878956,0.032606122363561064,200
420,2.457,9.963658016251367e-05,0.28161290322580645,2,0.0004683226330291081,0.0012544704964506312,0.0323218146627148,0
828,10.4,0.000555604234927192,0.334610962054427,5,0.0009313869882100782,0.01211610352272368,0.033307841124071,125
637,7.606,0.0001402409426207841,0.342218737749902,5,0.000665332515604573,0.011950894092752662,0.03299131365472343,0
740,6.286,0.000715846745238699,0.33538225124855936,3,0.0007036057558532562,0.008289988657476002,0.032765531625249415,64
829,2.198,0.0,0.2715396578538103,2,0.0004543605739491448,0.0008966362111764492,0.03229290061391406,0
830,1.906,0.0,0.27298311444652906,1,0.00028750849388787955,0.0010232930596689122,0.0321475777415535,0
838,44.485,0.08576109599737737,0.41910705712914065,12,0.01246603705542124,0.07960095348394569,0.04902060348119862,350
269,4.686,0.0,0.3135775862068966,2,0.00038617628311633225,0.00455896482837272,0.03240791533284219,0
342,2.677,0.0,0.2954314720812183,1,0.00027982539737894137,0.00249009530856588,0.03219485772155345,0
360,2.273,0.0,0.2954314720812183,1,0.00027982539737894137,0.00249009530856588,0.03219485772155345,0
376,9.421,0.00014776282799246006,0.3450592885375494,4,0.0005414435628862095,0.012760577970777861,0.03283262277499527,0
613,5.686,0.0,0.3223781388478582,2,0.00036587792633734767,0.007043123048704418,0.032427161655668515,0
643,3.428,0.0,0.2954314720812183,1,0.00027982539737894137,0.00249009530856588,0.03219485772155345,0
654,3.735,0.0,0.2954314720812183,1,0.00027982539737894137,0.00249009530856588,0.03219485772155345,0
663,3.233,0.0,0.2954314720812183,1,0.00027982539737894137,0.00249009530856588,0.03219485772155345,0
839,3.987,0.007698864215715338,0.3172238372093023,2,0.000736333254839729,0.005971847228613439,0.032547392464423675,0
840,4.145,0.005983717866613668,0.3152762730227519,2,0.001225643811950665,0.006404699143873027,0.032864984268784245,199
601,1.187,0.0,0.2397692941499588,1,0.0003807327458955533,0.00020032610160743288,0.03211408012083093,0
813,1.17,0.0,0.2397692941499588,1,0.0003807327458955533,0.00020032610160743288,0.03211408012083093,0
846,1.813,0.0,0.27179327521793273,1,0.0002749559728953301,0.001003211984119057,0.032127543299077604,0
850,7.229,6.873304966127444e-05,0.32083792723263505,5,0.0006294154984099005,0.008857427455730996,0.032872557489400364,0
851,3.915,0.0,0.2926583975863225,2,0.00044465904705117857,0.0020475573921472016,0.032323615993098395,0
855,2.744,4.653417108700139e-05,0.2830739299610895,2,0.0004181750310542221,0.0012438700633235632,0.032306360931795744,0
858,7.904,0.0023513491899340364,0.31954612005856514,5,0.0009781304904283587,0.006919488617553237,0.033088860196292175,156
795,1.362,0.0,0.24223085460599333,1,0.00031026004518463303,0.00021648610291229473,0.03211519949626093,0
867,1.48,0.0,0.27298311444652906,1,0.00028750849388787955,0.0010232930596689122,0.0321475777415535,0
869,25.245,0.00973308446798997,0.37907077724706906,11,0.0031082312043328227,0.036269057872549894,0.03676856845103741,297
873,5.223,0.0006183844168599302,0.32807215332581735,3,0.000505884298014883,0.006687520629199866,0.03257527539446366,0
874,5.096,0.001510840750820452,0.29815573770491804,5,0.0009786702955588737,0.0034676663328973606,0.03315223419828961,104
884,2.073,0.0,0.27298311444652906,1,0.00028750849388787955,0.0010232930596689122,0.0321475777415535,0
885,6.497,9.802043527287165e-05,0.32142857142857145,3,0.00049143453243832,0.006010859260152583,0.03259663043768023,0
888,5.707,0.004603503091122113,0.3217840029487652,3,0.0013409132697407697,0.007059542852039962,0.03305730129550215,198
889,14.907,0.016896149872916762,0.36089293096320796,9,0.003430808848593968,0.020374501223322235,0.03586358131053087,309
623,1.574,0.0,0.2652689152233364,1,0.00030489800203130954,0.0006373329963294414,0.03212907301143427,0
891,8.642,0.00016035897227086233,0.32943396226415095,6,0.0009308155917139311,0.008508560268358547,0.03328471680892447,50
894,35.158,0.0021137027865239084,0.38869100623330366,13,0.0024917021352174233,0.07084416750205218,0.03715141276421873,3
899,4.527,0.00012129706709846485,0.32381305637982194,4,0.0005820897434159716,0.007097660229933551,0.03271908374815696,0
909,23.732,0.002042000381837708,0.3746781115879828,11,0.0016836055750953129,0.044582456114095705,0.035202056255708346,115
911,4.453,0.0003314292394832242,0.3182646737149107,5,0.0007058120068935501,0.0055635756644198545,0.032895064951472375,0
896,1.109,0.0022909507445589916,0.2328,1,0.0007376783324139955,0.0001093959517167524,0.032275506095033255,124
913,1.058,0.0,0.18887927304197316,1,0.00048666274194456526,3.4243810685128074e-06,0.03211113277203417,0
915,12.279,0.0004957007911999187,0.3468414779499404,6,0.0008729446681197612,0.01734632658951477,0.03338702623292567,0
927,3.365,0.0,0.29876796714579057,2,0.0004111256241133306,0.0025822988744894446,0.03233947172417488,0
929,2.867,1.4462538992885939e-05,0.2845501955671447,2,0.00038663477238284926,0.0019957083289718295,0.032306658828528755,0
932,5.872,0.00389122207247581,0.3216654384672071,3,0.0010655068189377094,0.005049913094978381,0.03288859303230391,85
727,1.233,0.0,0.243446737311768,1,0.0003524109281931243,0.00015797393884683884,0.032114198173345175,0
933,1.617,4.8213215704884294e-05,0.23448831587429492,4,0.0009848558311812605,0.00022476533638996382,0.0329409682479605,188
924,2.977,0.0010174831429423485,0.2815220896485005,4,0.0015210407058299882,0.0013835275273139738,0.03361808622196405,283
934,1.645,0.00010633578957252014,0.2604415274463007,4,0.0006862880419486195,0.0004539625794343328,0.03262286067589317,0
935,2.084,0.0001383516237010825,0.26271441468552514,4,0.000828711161394774,0.0005348343211453437,0.032786125302008584,31
936,2.304,0.00041914593504523254,0.27179327521793273,4,0.001394684616405507,0.0008896314164452659,0.03344044386265389,263
937,1.765,0.00010633578957252014,0.2604415274463007,4,0.0006862880419486195,0.0004539625794343328,0.03262286067589317,0
938,2.746,0.0006666813740596959,0.29393939393939394,4,0.0006697548068777593,0.0025853359617046667,0.032652928716926634,0
944,3.965,0.0001138529215812337,0.29493243243243245,4,0.0006139016469423584,0.002160926380851685,0.032645547628118124,0
962,4.686,0.007062546294232088,0.3006198347107438,3,0.0017666124008183539,0.0031277826605565387,0.03333788096380264,274
865,1.232,0.0,0.2311970338983051,1,0.00035980742019911234,9.786388752395278e-05,0.03211644462587009,0
925,1.052,0.0,0.2311970338983051,1,0.00035980742019911234,9.786388752395278e-05,0.03211644462587009,0
949,1.194,5.109453560208084e-05,0.2391125718981101,2,0.0005290935704271962,0.0001874736504155706,0.032281288006036385,0
970,1.826,0.004585326706944817,0.27582938388625594,2,0.0011179539642072816,0.0009625549214852608,0.03261093829582857,187
977,1.339,0.0002123855894274555,0.2612208258527828,2,0.0007835017380502455,0.00037881767290113167,0.032441592967643616,63
978,5.089,0.005260622611225705,0.303125,4,0.0010818663186079839,0.0034928244327920807,0.033039042534171774,0
979,4.209,5.4166532811577705e-05,0.3167634252539913,3,0.0004808465098785241,0.006079755478634505,0.03253584463072809,0
980,1.156,0.0,0.22333077513430544,1,0.00048446420327397875,5.922538340788353e-05,0.03211208982688544,0
985,5.555,0.00010403612583842293,0.3156182212581345,3,0.0006324169506586421,0.005257576505806841,0.03270296207159509,49
986,3.274,0.0,0.31448126801152737,1,0.00025745182300284563,0.005410531598341201,0.03219316575666097,0
267,3.233,5.7257432560626306e-05,0.2879287598944591,2,0.00043441938189077363,0.0025387784569760115,0.032316179903424655,0
987,3.411,0.0002649223442124341,0.30902654867256635,2,0.0005924428343882978,0.004501247754583284,0.032498404781780926,136
993,3.295,0.0,0.2954314720812183,1,0.00027982539737894137,0.00249009530856588,0.03219485772155345,0
995,1.133,0.0,0.21624969036413177,1,0.000410579346749713,3.0110686195606523e-05,0.03211280992729272,0
996,12.71,0.0009554220181961416,0.3583743842364532,6,0.0009374767567922244,0.018011673779459964,0.03343803294965959,30
1020,4.163,9.328442040079771e-05,0.30685413005272405,2,0.000399832248706885,0.0046563685869633956,0.032346128697028194,0
1037,1.861,0.0,0.24392288348700755,1,0.00029699082035142656,0.0002434513735972666,0.03211658659064445,0
1038,1.248,0.0,0.24351464435146444,1,0.00036170385440202884,0.00022081743272308173,0.032115041701473654,0
1050,21.897,0.014138083220486104,0.3705432937181664,10,0.003759634731427286,0.028907956647431426,0.036982631185395014,318
681,1.921,0.0,0.2704460966542751,1,0.000285787674607256,0.0009042933600460523,0.03213466820330771,0
725,1.836,0.0,0.2704460966542751,1,0.000285787674607256,0.0009042933600460523,0.03213466820330771,0
748,1.911,0.0,0.2704460966542751,1,0.000285787674607256,0.0009042933600460523,0.03213466820330771,0
1053,6.389,3.6822047307697684e-05,0.3151624548736462,5,0.0007089557402885905,0.005594560276452261,0.03287483402749953,0
337,1.831,0.0022909507445589916,0.2615338526063511,1,0.0006521691229779155,0.0012144777640509278,0.032288173768892627,84
1056,1.05,0.0,0.20736342042755346,1,0.0004492131832624226,3.7980107011673576e-05,0.03211119610306776,0
1058,16.771,0.0004942635255188038,0.35130784708249496,7,0.0009518714468855429,0.023577744138950262,0.03361525230376632,24
20,2.099,0.0,0.28134063809216886,1,0.00029354708595284436,0.001228541864345138,0.03215878405652672,0
1063,26.927,0.05171623062643949,0.391304347826087,10,0.008169228944374364,0.03927568024186463,0.04180581570983942,344
77,5.873,0.00014610672489222205,0.33156095708317507,3,0.0004704510267780255,0.008426227208335904,0.03259716423357139,0
123,2.24,0.0,0.28134063809216886,1,0.00029354708595284436,0.001228541864345138,0.03215878405652672,0
201,1.978,0.0,0.28134063809216886,1,0.00029354708595284436,0.001228541864345138,0.03215878405652672,0
236,2.24,0.0,0.28134063809216886,1,0.00029354708595284436,0.001228541864345138,0.03215878405652672,0
1059,2.594,0.0,0.28134063809216886,1,0.00029354708595284436,0.001228541864345138,0.03215878405652672,0
1067,21.399,0.0038978464784168764,0.3850904278782532,11,0.0022003342533571386,0.03266600552627986,0.03567809344961233,211
1105,16.678,0.008867734617495755,0.36649874055415615,10,0.0029680984891034966,0.021414911890546392,0.03629387016960726,311
1113,1.566,0.0015196645810661615,0.26607741542212743,2,0.0006412086534327288,0.0006438237028617001,0.03229285130713439,0
1123,1.266,0.006891331288001972,0.24529362180387748,2,0.0018930059226629457,0.0002075283621899699,0.032755659419894265,253
1079,1.048,0.0,0.1970209884901828,1,0.0005079353653602294,6.490706532258755e-06,0.03211353353802664,0
1090,1.055,0.0,0.1970209884901828,1,0.0005079353653602294,6.490706532258755e-06,0.03211353353802664,0
1106,1.062,0.0,0.1970209884901828,1,0.0005079353653602294,6.490706532258755e-06,0.03211353353802664,0
454,1.044,0.0,0.18879757785467127,1,0.0005070372208619365,3.3296552101076693e-06,0.032111124173518385,0
1125,1.156,0.0022909507445589916,0.23267590618336886,1,0.0007847933656932164,0.0001063745097346946,0.03227378638716514,143
1132,1.067,0.0,0.21624969036413177,1,0.000410579346749713,3.0110686195606523e-05,0.03211280992729272,0
1160,62.123,0.061671415502339275,0.44518103008669047,14,0.010487863696902524,0.16608948848443567,0.049541424613229856,348
75,6.399,1.8314218372442434e-05,0.334610962054427,3,0.00044642709340603426,0.01214576409509058,0.032633697853941865,0
107,8.111,8.648327644195234e-05,0.336286594761171,4,0.0005522570632738969,0.011690009431511283,0.03279640011340631,0
193,3.392,0.0,0.3081539004588775,1,0.0002654618200271197,0.005194747453172888,0.03219746125248488,0
389,7.121,0.0,0.3178012377138697,2,0.0003487772968371497,0.009025207738443434,0.03240776378005061,0
583,6.571,0.0,0.33043149129447386,2,0.00036491777148494947,0.010750483011303567,0.03245939775801957,0
965,4.139,0.0,0.3081539004588775,1,0.0002654618200271197,0.005194747453172888,0.03219746125248488,0
1182,6.109,9.273222996940979e-05,0.32955832389580975,3,0.00046861510306416086,0.010385131722731217,0.032624300114656994,0
1189,5.015,8.636349601042278e-06,0.30218068535825543,4,0.0005380555703852271,0.008575466365446673,0.032706008970727514,0
1190,3.894,0.0,0.3081539004588775,1,0.0002654618200271197,0.005194747453172888,0.03219746125248488,0
1191,2.066,0.0,0.2652689152233364,1,0.00030489800203130954,0.0006373329963294414,0.03212907301143427,0
1199,3.317,0.0037182309804527787,0.2932482364796775,4,0.0011929009646471096,0.0028643561277498014,0.03296867991691888,225
971,1.115,0.0,0.22681215900233828,1,0.00034091086418689385,8.960976289161783e-05,0.032114598622492815,0
1204,16.028,0.0022825193382111147,0.36179030252797345,9,0.0017073560523745074,0.021143680969353824,0.034766926672887825,162
1218,12.74,0.00025804599939912833,0.3518742442563482,8,0.0009861124566439103,0.02402715842293837,0.03377606143027685,18
1223,7.756,1.5965405917487916e-05,0.32214022140221404,3,0.0004503017260533114,0.009631817967704091,0.03259387852661206,0
1227,1.302,0.0,0.2525310963262945,2,0.0005825228018492792,0.0003907505562871912,0.03227846519474439,0
1228,4.13,0.0033293783854619653,0.31189710610932475,2,0.0010373537495669623,0.005433102274333626,0.03268470592750544,151
1186,1.238,0.0,0.23780986107327703,1,0.00039244366140606037,0.0001699331235641095,0.03211317873559727,0
1239,1.727,0.0,0.2692782233189389,2,0.0004290755534728427,0.001402046731024743,0.03229028259392428,0
1240,4.552,0.00014121671334216745,0.2953315290933694,2,0.0005407822197646987,0.00487336770723979,0.03249815567360046,62
1242,13.623,0.0017374296979694222,0.3340987370838117,8,0.0010475270313941958,0.023110220199294852,0.03375282894484992,103
1244,16.26,0.0028163571051651615,0.34008570315543435,8,0.0017065058643084472,0.024518860202507153,0.03471768408695047,242
325,1.442,0.0,0.25385286420471065,1,0.0002682678592604847,0.0007668289621671901,0.0321233434990985,0
1246,34.518,0.0022350398698715145,0.3785776235906331,13,0.0025994976393879064,0.06739647512826136,0.0372227688939753,252
34,4.709,4.6449603235362265e-05,0.29979395604395603,3,0.0004688524079542166,0.005859463469864398,0.03252012742264804,0
1247,13.404,6.995985766233794e-05,0.3395565927654609,6,0.0007977142812391996,0.02244300983234749,0.033404985214405276,107
1248,17.833,0.0001397568285106853,0.35301253538212696,8,0.001040586133529915,0.030414005702815036,0.033999401926076395,8
1249,19.55,0.0005702803527534425,0.3508842443729904,9,0.0014711733235539775,0.036407260556689365,0.03471302114281497,205
837,7.01,1.5281660745091462e-05,0.32623318385650224,3,0.0004468191517193868,0.011197561129307249,0.03261143095475132,0
1250,4.83,0.0,0.29897260273972603,2,0.00034702514156678915,0.0056619397448732945,0.0323544786820337,0
1253,31.52,0.006173078087319384,0.375968992248062,12,0.0030481844900821175,0.05285079916433507,0.0373650250478893,295
1252,10.165,2.2717007901629874e-05,0.32154696132596683,7,0.0007905007126708368,0.016079145311783467,0.033299591490381635,0
37,3.963,5.374412605805213e-05,0.2859482476252866,3,0.00047685389062182483,0.0032758570347578794,0.03248294414844655,0
1255,20.003,0.002781962719957131,0.34343036978756886,11,0.0017305437520152775,0.029568366619959697,0.0349148802806871,229
1256,8.408,2.1591313714033187e-06,0.307286166842661,4,0.0005309596760495674,0.010312616209654523,0.03273276260274337,0
1258,2.406,2.1566468316793555e-05,0.2592042755344418,3,0.0005649332644576781,0.0012470814680842009,0.0324502206043337,48
1257,4.753,0.00024342127823019985,0.29744463373083474,3,0.0005606953441248505,0.004716977462880328,0.0325015640511899,0
1260,13.267,0.00039393951726202656,0.33346065699006877,7,0.0010277891726576806,0.02041048687969638,0.03370412203027829,126
1261,57.489,0.028451817428540235,0.4199134199134199,14,0.007123788693765147,0.14398360829238013,0.0452350612902236,342
182,2.988,0.0,0.2958319213825822,1,0.0002580848709088878,0.004503183628513249,0.03217592958668547,0
1077,7.524,3.035222270799465e-05,0.30924548352816156,4,0.0005403921836943115,0.011630638664406803,0.032766480517997285,0
1259,8.172,7.96721949234056e-06,0.3314350797266515,3,0.000441517878091077,0.013553713117222158,0.032645372059055204,0
1262,34.271,0.011766976148230555,0.38306274681878016,12,0.003708986407841166,0.0642887962282454,0.03837624857773576,320
1021,3.927,0.0,0.2901296111665005,2,0.0003454191964006053,0.004645034646155727,0.032333710472300436,0
1263,6.402,2.2570183117730164e-06,0.31156316916488225,3,0.000425286575629728,0.00968357977677618,0.03257109349149511,0
1265,36.709,0.003893971481843587,0.3840739111306643,14,0.0031508422956046983,0.08423079277095766,0.038414995887002215,271
1266,4.106,5.6766722914791436e-05,0.29815573770491804,4,0.0005775655117197689,0.006532636567855746,0.03268324630096315,0
618,7.721,0.00012034334410266944,0.3258678611422172,4,0.0006473897538577195,0.012819873291058947,0.03295216196217838,29
1270,41.505,0.0053153228342507144,0.396637891867333,14,0.0031325561885786435,0.0877890140039822,0.03853660722495745,234
1271,17.801,0.000572995405325498,0.3390291262135922,10,0.0015465034908723812,0.025901626478516283,0.03471524150752099,192
1272,7.828,0.00015278282857392615,0.3038635572572224,5,0.0007398255178150915,0.008165195575067863,0.03303655038763789,0
1273,19.945,0.0003590124122179492,0.3518742442563482,10,0.001330816953045445,0.03403207600776678,0.03453412321580945,116
1275,13.83,0.0004991393202501031,0.3432953204876131,8,0.0011154453127248084,0.027146676514854525,0.03397271383363529,171
1276,7.38,1.594785131136279e-05,0.31470800288392214,4,0.0005268406022027458,0.008827267691733972,0.032715734619125685,0
1277,15.649,8.648269443426797e-05,0.33448275862068966,8,0.0008613283440440859,0.021457184512393836,0.03352796282995249,0
1278,13.919,0.0008769525919163597,0.32297447280799113,9,0.0014048351998974197,0.024885719624509185,0.03436222340554923,231
1279,30.807,0.002860491278460849,0.36059479553903345,12,0.002078696528199238,0.05423924121422262,0.03610294447964325,139
1281,24.492,0.0007194703873868313,0.35970333745364647,12,0.001691233139033429,0.043383383420441346,0.03530567820630177,28
1282,3.593,0.0,0.2659153213524216,2,0.0003475258804462619,0.0024746132573262515,0.03230208055324922,0
1283,2.211,0.0,0.2733249843456481,1,0.00026095203268629183,0.0016530122323516222,0.0321365800131095,0
1284,6.117,2.91117871784134e-05,0.32708879730236046,4,0.0005434461817767844,0.01025212847405849,0.032751536949113626,0
1285,52.492,0.009182584814740125,0.41257088846880907,14,0.005205369661879971,0.1331197167630095,0.042776171332346,324
1288,4.019,5.2612045452766026e-05,0.31023454157782515,3,0.00048042796821747404,0.003976377122296639,0.032522342347680644,0
1289,1.32,0.0,0.23787465940054495,1,0.00028266855951457093,0.0003901694595683444,0.03211844627743571,0
1290,35.651,0.002843552169497541,0.3844121532364597,13,0.002616792298840436,0.07146505409208462,0.03733356433406158,206
1291,20.735,0.0012958425452250517,0.35778688524590163,8,0.0016947550717925216,0.039709912360704834,0.03493220857315705,241
1292,37.128,0.008321090112094644,0.38921087828800716,13,0.00405068053838671,0.0745112535220276,0.03907233147070354,305
835,8.772,2.7098164369824494e-05,0.33576923076923076,3,0.00045013378858212887,0.013635522093197001,0.032664696052718066,0
912,5.294,1.272170739717438e-05,0.32142857142857145,2,0.00036168120026654183,0.007886198926779345,0.0324070529059327,0
914,2.813,0.0,0.28025682182985556,1,0.00026222524880871207,0.0023304633686486646,0.03214511640039801,0
1293,6.481,2.9990136597859925e-05,0.32261640798226165,3,0.00045086975044234635,0.012785132446111836,0.03263499771662925,0
1294,8.774,1.3634570419952197e-05,0.30924548352816156,4,0.0006337680774382139,0.012693961689262302,0.03292183416846291,47
1295,10.865,0.00012176391622492158,0.34128225175918686,5,0.000742571675264367,0.018269781199308967,0.03321041157995681,46
1296,17.889,0.0001736005651592921,0.3460166468489893,8,0.001043539310146164,0.029918584806875072,0.033996383350110605,78
1297,8.556,1.29526783522737e-05,0.3234531307891812,4,0.0005042294572849624,0.01654376062521545,0.03283588362336556,0
1298,4.157,0.0001424095810840972,0.29158316633266534,4,0.0007500796458520813,0.004301727978928657,0.032807313857780455,45
1299,19.231,0.00022247482243115813,0.34933973589435774,10,0.0012146197346774117,0.029671742034064707,0.03433302946707734,7
1301,49.072,0.02486624310648335,0.41512125534950073,13,0.006728014827373547,0.11564743028071114,0.044044604056949925,340
65,8.729,0.0,0.3134649910233393,3,0.00043031023264591766,0.010988272190764427,0.03260140654341191,0
825,2.519,0.0,0.2934453781512605,1,0.00025957534259467616,0.003617065108205509,0.03216997748835715,0
1300,2.93,0.0,0.2934453781512605,1,0.00025957534259467616,0.003617065108205509,0.03216997748835715,0
1302,4.245,0.0005103723106598995,0.3078279266572638,3,0.0006712707347166977,0.005588574283968933,0.03267668144782129,142
1303,6.335,9.380573341662294e-06,0.3256247668780306,3,0.0004549823294105707,0.011618599272984113,0.032622510993010105,0
1304,50.302,0.020215096676536957,0.4062354583527222,14,0.006531474899598463,0.12364745920537189,0.04412686758850063,338
69,4.396,4.139245101999851e-05,0.3105656350053362,2,0.0003519001036820793,0.006265124442039568,0.03237432142169141,0
1286,6.743,4.405220583861097e-06,0.3230940044411547,2,0.0003455775611444409,0.010816286771144802,0.03246052883737773,0
1305,9.704,0.0028404463195794098,0.32381305637982194,6,0.001233800571029415,0.013200366919064331,0.03359008990007355,179
659,1.363,0.0,0.24467488789237668,1,0.0002881054378985555,0.0004128432291228761,0.03211770560361081,0
1307,49.862,0.011730213902008067,0.4052924791086351,14,0.004955403391014212,0.11446195376360511,0.04178263745074456,326
340,6.644,2.2756069376806405e-06,0.3213102686786897,3,0.00043093501614283774,0.012167127322198193,0.03262785707445529,0
1308,17.731,0.00031751020282187774,0.3573475235366353,9,0.001068695211150191,0.031785828768496074,0.034068075844293284,44
1309,35.443,0.00466437302042394,0.381389252948886,12,0.003080000296948519,0.06907680518646356,0.03808571405678847,291
1310,5.857,5.759447872983737e-05,0.32060227690047743,3,0.0004754809289953593,0.011410405788545921,0.03261668184616841,43
1311,22.817,0.0004572123143225622,0.35676338373518596,10,0.001641615609810897,0.04365543588819071,0.03530728535699394,222
1312,6.716,0.0,0.32297447280799113,2,0.00034816554447754606,0.010566216339089895,0.03246011757138538,0
1313,10.999,2.9747337065905794e-05,0.3236929922135706,6,0.0006866838198970261,0.017740594727186074,0.03318264843311653,0
1314,30.947,0.0035881895165175946,0.36511919698870765,12,0.002788960339779892,0.05714059437663257,0.037254601897904624,289
349,6.095,0.0,0.2916805880387571,2,0.00034162204472810634,0.005291144157419882,0.03234682341304734,0
1315,17.072,0.0013337786938063347,0.3394245723172628,9,0.0014678185351706245,0.030794475696303687,0.034651407841105666,197
1316,16.048,0.00014903176621794593,0.35144927536231885,9,0.0009579478502310191,0.02827690810495971,0.03380525647859784,0
1319,39.597,0.0049465201382043016,0.3957388939256573,13,0.0030086351416189587,0.08469246255121023,0.03817182640765058,213
1320,15.025,0.00035826527225349294,0.3383720930232558,9,0.0012588332623068492,0.027268221944027365,0.034103835316672486,141
1318,5.015,0.0,0.31664853101196955,2,0.00035395708457630127,0.008737781128737623,0.032414733280472265,0
1321,18.487,7.274146811351151e-05,0.34560570071258906,10,0.0011011249867074206,0.03562085599698467,0.034228636147047534,0
1325,4.635,6.168615747664634e-07,0.3082627118644068,2,0.00033747548247711984,0.007295895504328431,0.03237310843121025,0
1326,5.742,2.801493696392367e-06,0.31023454157782515,2,0.00034145059461640633,0.007746977081954973,0.03238768402715769,0
1327,21.651,0.0010539451056530715,0.3655778894472362,10,0.0014649788815844873,0.045394556681351464,0.03490508991654621,174
1328,32.477,0.0049208946445422775,0.3923595505617978,12,0.0025379186463270267,0.06592673790183194,0.036991098229521055,258
1329,4.124,3.5327938703103824e-06,0.2727272727272727,2,0.0003550157325608959,0.0021406706587295894,0.032300801017646145,0
1330,2.824,0.0,0.28298217179902757,2,0.00035013498098221147,0.003102020000165048,0.032307432553586285,0
1331,17.015,0.0008793021647194612,0.3523002421307506,9,0.0014117441332839517,0.03325558117777235,0.03454449663687195,181
1333,11.193,0.000213182882957011,0.3430255402750491,7,0.0009196711623881083,0.022554449735224403,0.033598992540456396,0
1335,4.3,0.0,0.2883091149273448,2,0.00035439967660400213,0.0034625592285572964,0.03232650859933314,0
1337,8.889,5.6928545675214576e-05,0.32261640798226165,6,0.0007060286459437516,0.016271534957749894,0.0331605483381239,0
1338,16.094,0.0008748452563175878,0.36819907212146774,7,0.001180608949432494,0.03322387886575285,0.034120003366037086,186
1339,9.504,0.0,0.3281954887218045,5,0.0006105977248021893,0.015363866598505938,0.03299842893024717,0
1340,27.451,0.003189945805280892,0.38577110030932393,12,0.002258639927115386,0.060430993217341016,0.03641963871568445,170
1342,6.604,4.021681826229509e-05,0.3167634252539913,3,0.0004812213569139582,0.009522715897065872,0.0325813235937212,0
1343,21.477,0.0008062544419844474,0.35676338373518596,10,0.001480385834803848,0.04095512383989611,0.03480524963422545,194
1344,8.07,0.0008844488568860523,0.3078279266572638,5,0.0009328435067029316,0.010008428592193927,0.03320422141068708,150
1345,1.824,3.444599743348128e-06,0.2554125219426565,2,0.0003837396352837142,0.0010357766768222584,0.03228454027288219,0
1346,3.391,4.384014847453552e-05,0.2851077726975833,2,0.0003830216475780138,0.0023933905558611297,0.03231129928894249,0
1347,3.034,1.9684180073695985e-05,0.28007699711260825,2,0.00037753034995999056,0.0023237016233535477,0.03230765709597923,0
1350,8.398,1.1024469830714096e-05,0.327456864216054,4,0.0005205836069839533,0.012787180658905632,0.032783826916164785,0
1351,19.804,0.0009777416920383414,0.36435726210350583,9,0.0015812874474270414,0.03746811729421274,0.03494738642007227,158
1352,4.652,7.236171944667476e-06,0.31156316916488225,2,0.0003560842741455718,0.006991281422610882,0.03238205916633,0
1355,8.348,8.479152068079162e-05,0.3277027027027027,4,0.0006818299390439003,0.013751218414889455,0.03297372648318597,61
1336,3.584,0.0,0.31664853101196955,2,0.00037258012772794493,0.008315029294417657,0.032409082826794354,0
1358,28.541,0.0024222644635293437,0.3758071459319845,12,0.0022847854223643307,0.05884536679258798,0.03651549548635288,212
1359,52.749,0.023892103639685483,0.4264777723497802,14,0.006222645315965704,0.1310285794212412,0.04331292172988669,331
109,6.781,4.195404263022335e-05,0.31156316916488225,3,0.0004610927769066377,0.008368184042376856,0.032544687806747206,0
331,3.856,0.0,0.29907502569373073,1,0.0002612420436066231,0.0040980438828588876,0.03216631897422347,0
1361,14.278,0.0027808159901354977,0.34114888628370454,9,0.0014244067325616904,0.02179184528100105,0.03420593925002231,147
1363,72.496,0.0920987039666887,0.4621492853361567,14,0.014720895715250445,0.2521103766438472,0.058892146199092894,353
45,5.222,0.0,0.3161897863093082,1,0.00025671638709989244,0.007884955336659968,0.0322442142861776,0
1356,4.602,0.0,0.3161897863093082,1,0.00025671638709989244,0.007884955336659968,0.0322442142861776,0
1364,2.644,0.0,0.29907502569373073,1,0.0002612420436066231,0.0040980438828588876,0.03216631897422347,0
1365,13.114,9.429339981463287e-05,0.3314350797266515,7,0.000864044263274497,0.022426881872474942,0.0335599743564294,17
1366,6.132,0.0,0.33130929791271346,2,0.000350553493168202,0.013079702789832854,0.032491920296335956,0
1367,12.904,1.1822529422508952e-05,0.3486421725239617,5,0.0005929213279607844,0.02220847689278507,0.033096140100744575,0
1368,5.35,0.003203698497113617,0.3281954887218045,4,0.0012483296060390894,0.00897474889218337,0.03322597479735095,255
730,2.64,1.4690431056911994e-05,0.28234152652005173,2,0.0004078364915711915,0.0030278747384584713,0.03231154507526611,0
785,1.455,0.0,0.2471687429218573,1,0.0003232795349841905,0.00028069089973084923,0.03211588505640293,0
1370,10.932,0.00017793187790501622,0.342218737749902,7,0.000925255866693616,0.019367114656185246,0.03355062536097878,0
1371,18.593,0.0025085677830335106,0.35502236681577876,10,0.00126042947634468,0.03134058872552894,0.03419629528619477,83
1317,2.015,0.0,0.26208345842089464,1,0.0002689798970534051,0.0009801877729118166,0.03212073650930839,0
1372,5.007,0.0,0.3038635572572224,2,0.0003434475162116487,0.008370319168773663,0.03239656309870844,0
1373,5.801,0.00010413092009372454,0.3055652782639132,4,0.0007222589060057365,0.008144755064472152,0.0328612685429296,118
1374,11.673,0.0026839686236470868,0.33654587509637623,7,0.0012981140391505137,0.016468165716100366,0.033798497394068136,182
130,2.31,0.0,0.25187536064627813,1,0.0002819618560085259,0.0005150695477830085,0.03211874761883403,0
1375,51.242,0.01189783296907926,0.4161105815061964,14,0.005097838437545258,0.12247301127696507,0.04206066945245956,319
421,4.751,0.0,0.3194291986827662,2,0.0003543961422266699,0.009386195843401226,0.032421994275426955,0
1376,6.08,7.087539923340835e-05,0.30449947680502265,5,0.0006520509327501231,0.008048906212684054,0.03286456499427119,0
1377,16.166,0.0004002552785879582,0.3486421725239617,7,0.0011145543428703628,0.02525718076826005,0.033924359899938514,155
1378,31.078,0.001203249462043778,0.3840739111306643,13,0.0019338302735655549,0.06291538147786523,0.03612899472586705,0
1380,25.655,0.0004905572215206689,0.36344712739383844,11,0.0014975898477713728,0.04414996867283681,0.03499750587145375,6
1382,4.211,1.305054056042507e-05,0.31156316916488225,2,0.0003573179997508059,0.006602148958495311,0.032377917383406556,0
1383,15.722,0.0005651893312063716,0.35940716344174556,10,0.0011766866713790174,0.029166470728931942,0.03418699930540573,0
1384,20.92,0.0043959428214639246,0.3589638157894737,9,0.0019582875858080756,0.03617760206803951,0.03539103600445131,268
232,2.732,1.1312869074024435e-06,0.2663209273947529,3,0.0005227379635253753,0.001795180357924812,0.03245585512521883,42
1386,8.657,0.0011787307937913688,0.32844243792325056,5,0.0010440550758845563,0.012705061294998817,0.03344117536289871,207
1387,21.878,0.008334428909789525,0.365731043150398,9,0.0023324410215143595,0.039955242963540666,0.03560737462074444,286
1238,2.017,0.0,0.2678735808530224,1,0.0002758915262593637,0.0012496327586746785,0.03212779184810477,0
1388,10.019,9.884232405102702e-05,0.33473926380368096,5,0.000724972123855224,0.019738876123384985,0.03322672345350293,77
1334,7.116,2.256907154976158e-05,0.33422664624808573,4,0.0005403921003716368,0.013962188803674589,0.032819537012003075,0
1389,18.519,4.0431427576080465e-05,0.36014851485148514,8,0.0008793150173480088,0.03602640874582157,0.03380505152244912,0
1390,17.062,0.0004036973185091522,0.3591114767585356,9,0.001141451066507094,0.029475647457846994,0.03417531352406323,0
1393,27.245,0.0003151669004827063,0.3730769230769231,13,0.0014658147048692521,0.0543660811484703,0.0351714279550669,0
1395,4.639,3.421630328637253e-05,0.29374158815612383,3,0.0005934306128779714,0.004333214489543902,0.032663537642176145,41
1396,18.757,0.0002460742082359905,0.3457425742574257,10,0.001209703022339873,0.03556956454048762,0.03436368941614103,11
1397,37.068,0.041617658215818386,0.4131566493137719,12,0.007381581905518055,0.06613836452866453,0.04261161138954885,341
280,2.879,0.0,0.29246231155778896,1,0.000277975599696201,0.00206886951980684,0.032162812853615275,0
565,2.659,0.0,0.29246231155778896,1,0.000277975599696201,0.00206886951980684,0.032162812853615275,0
589,2.155,0.0,0.29246231155778896,1,0.000277975599696201,0.00206886951980684,0.032162812853615275,0
703,2.356,0.0,0.29246231155778896,1,0.000277975599696201,0.00206886951980684,0.032162812853615275,0
1398,10.266,0.0001886748474490471,0.33130929791271346,5,0.0007656694974578109,0.01447573687587249,0.033153521555158244,27
1399,14.797,3.4246554007936325e-05,0.33929265448892343,6,0.0006981721141548327,0.02147369978895474,0.03324826899155685,0
1402,18.768,0.0018344781191171142,0.3464285714285714,9,0.0013160260605044965,0.030376615106930155,0.03429658569370186,166
1403,11.061,0.003220582333363263,0.32721139430284857,6,0.00111862837995201,0.013816137698624519,0.03342707053602326,165
1400,1.601,0.0,0.24661016949152542,1,0.0002904666225194281,0.00043211604760055736,0.03211689050247195,0
1405,2.603,0.0,0.2654302219519611,2,0.00037747215251111193,0.0013521547653391796,0.032286836254916136,0
1407,16.414,0.00035208235336730534,0.3523002421307506,8,0.0012028285764331256,0.02987191751062322,0.03416643246467796,135
1409,3.083,0.0,0.29714091218516,1,0.00025889421706678183,0.004167091209889419,0.032178771605271675,0
1416,9.772,1.0225528293950782e-05,0.32721139430284857,5,0.0006064450725205824,0.017849074109485653,0.03302682202029571,0
1417,3.512,0.0,0.28897715988083417,1,0.000256987359261571,0.0038671355402604135,0.032170388754349494,0
1419,27.479,0.002431090680992317,0.3716475095785441,11,0.002313615143849568,0.04373075291622348,0.036152542808682436,269
1408,4.374,0.0,0.3167634252539913,2,0.0003495771809953039,0.008316933301467015,0.03242065774632889,0
1420,1.373,0.0,0.25071797817346353,1,0.00030056665198047996,0.0004096209639504993,0.032121677663188866,0
1421,3.849,0.0,0.2958319213825822,1,0.0002580848709088878,0.004503183628513249,0.03217592958668547,0
1423,69.522,0.08850253724914285,0.45754716981132076,14,0.015013038688547633,0.2221834616544788,0.05802831439375646,352
1404,4.464,0.0,0.31402877697841725,1,0.00026021491584168,0.006949151230884388,0.03223989532535477,0
1410,3.821,0.0,0.31402877697841725,1,0.00026021491584168,0.006949151230884388,0.03223989532535477,0
1411,3.846,0.0,0.31402877697841725,1,0.00026021491584168,0.006949151230884388,0.03223989532535477,0
1414,4.859,0.0,0.31402877697841725,1,0.00026021491584168,0.006949151230884388,0.03223989532535477,0
1415,4.733,1.281100590145691e-05,0.3156182212581345,2,0.00035188533929671434,0.007775302293557396,0.032410297900634925,0
1424,9.992,9.482793970177232e-06,0.32721139430284857,4,0.0005295316744370097,0.013868990045408966,0.03280903121878587,0
1426,42.102,0.007267643007792551,0.39025480554313813,14,0.0036816277816149844,0.08783712430232413,0.0391321213463435,279
88,2.698,0.0,0.2807976841428112,1,0.00025618167054581106,0.0027471838387276223,0.03214541526118971,0
1428,6.499,3.4013016286910213e-06,0.32142857142857145,3,0.0004391262325929788,0.011728870595067234,0.03262410850880138,0
1429,14.366,0.0018840996590895214,0.37387580299785866,9,0.001166402236641625,0.02145680691180604,0.033991572755079226,26
1430,21.586,0.0032814798601735863,0.35144927536231885,12,0.0018143974939521077,0.038363394131487226,0.03506020361603751,218
551,1.966,0.0,0.2601311084624553,1,0.00026797965316048436,0.001199833492117292,0.03212505600388714,0
1431,21.336,0.0030330746809658117,0.37275832621690863,9,0.001437672962764693,0.04112708046084339,0.034557687426716804,129
1432,2.321,0.0,0.2716241443683883,1,0.0002734082733363356,0.0012863350711740033,0.0321225434044683,0
1433,16.573,0.0004254362233064276,0.3506024096385542,8,0.0011669247500792602,0.030260971669224396,0.03419227874206785,38
1435,1.417,0.0,0.25444476828912854,1,0.0002724645700863675,0.0006815551106929047,0.032120784793057154,0
1436,27.761,0.015304370935672048,0.3852603706972639,12,0.003956328341767338,0.051687707951296326,0.03807296186189895,316
163,2.514,0.0,0.27820267686424477,1,0.00027352448982175833,0.0016167011557609008,0.03214011970466734,0
1035,2.605,0.0,0.27820267686424477,1,0.00027352448982175833,0.0016167011557609008,0.03214011970466734,0
1437,25.131,0.003223964486428105,0.377431906614786,12,0.001735880498396104,0.05230160923675055,0.035339270218253005,195
1438,12.373,2.3300073791884804e-06,0.3333333333333333,5,0.0006210403559140262,0.016242924696683793,0.03301998946667334,0
1439,1.435,0.0,0.2570671378091873,1,0.00030742661351219853,0.0005130329803671099,0.032115802093954336,0
1442,25.401,0.0017162522486131168,0.3655778894472362,11,0.0022900526133368187,0.04630852210297464,0.03614746802357147,267
9,4.996,0.0,0.3121201287093314,2,0.0003485286547839912,0.007197685343990767,0.0323881354193712,0
1443,1.992,0.0,0.27820267686424477,1,0.00027352448982175833,0.0016167011557609008,0.03214011970466734,0
1444,40.33,0.0025945392453142115,0.3948439620081411,14,0.0026899291870392376,0.0860788694104457,0.03774911745922169,123
1445,28.746,0.006730950032826986,0.3876554174067496,12,0.002534161127202678,0.05575942176626285,0.03670278916444001,257
14,3.814,0.0,0.30030959752321984,2,0.0003476935667513862,0.00436124546511566,0.03233372358391389,0
1446,46.738,0.014783016168333505,0.42337536372453927,14,0.004842131317026666,0.11173660344739222,0.041501343104080136,314
1447,2.138,6.770853758798289e-05,0.27962844330557335,2,0.00045571671261404617,0.0017969211844364365,0.03229470842721884,60
1448,2.392,2.5131435110279143e-05,0.27426955702167766,2,0.00045744391958096886,0.001692010930496634,0.03228792477388953,0
1450,6.854,9.200284979866757e-05,0.31001420454545453,5,0.0007471872728221907,0.0074396936805045544,0.03301898725196531,0
1451,55.119,0.02949590343873469,0.43759398496240604,14,0.006903421332851913,0.1389388660559035,0.04475646697194399,335
92,3.236,0.0,0.30449947680502265,1,0.0002591950624391276,0.004345590996430183,0.03217353664588156,0
165,3.384,0.0,0.30449947680502265,1,0.0002591950624391276,0.004345590996430183,0.03217353664588156,0
1452,8.849,0.0007090733463441869,0.3241737838841441,5,0.0007955649781298008,0.012856164287219604,0.03311967469422301,117
1453,3.023,7.59280377643681e-06,0.2966360856269113,2,0.00035977270786684626,0.003678623859361963,0.03232507475494889,0
1457,16.252,0.0008658826326087008,0.3416829745596869,9,0.001590149182667845,0.026569763211860872,0.034740848301709176,204
453,4.968,8.581235449955983e-06,0.29897260273972603,3,0.0004427806876384083,0.0051527811739860005,0.0325181367391428,0
1458,2.423,4.9897429714548186e-06,0.2901296111665005,2,0.0003852140466471684,0.0018197103771518772,0.03229637209880376,0
1459,4.3,0.0,0.31402877697841725,1,0.00026021491584168,0.006949151230884388,0.03223989532535477,0
1460,9.805,0.010264518224891698,0.34780876494023905,6,0.0020028686736073306,0.012013717932027004,0.034621608004286764,296
1462,12.438,0.00015236972710523577,0.3469793322734499,6,0.0008069871783897039,0.022223309832922936,0.03342132421326164,23
8,2.789,0.0,0.2914858096828047,1,0.00025586386462090477,0.0030165054888494627,0.03215519276046352,0
1464,45.582,0.014218474647472114,0.41121055110692417,13,0.004758148324554956,0.09644483640706823,0.04108763293405791,317
1465,36.029,0.01680551952246498,0.3943089430894309,12,0.004989052798334719,0.06735110786127142,0.04021131359881949,332
862,2.029,0.0,0.2828904731043422,1,0.00026586408513509986,0.002106607145882539,0.032150811358382235,0
1111,2.623,0.0,0.2828904731043422,1,0.00026586408513509986,0.002106607145882539,0.032150811358382235,0
1466,17.092,0.000553494727425943,0.3503210272873194,9,0.0013456375039463792,0.026979065211227827,0.03442259739251166,2
1467,14.94,0.0001741048890390292,0.34629115430384766,8,0.001082695715793865,0.021058434400437812,0.033881250229308754,16
1468,9.577,0.0002137948522074995,0.3178012377138697,8,0.001037979267270525,0.011925853352901146,0.03356136086453424,127
1469,12.286,0.00018358228022199183,0.3508842443729904,7,0.0008176329646646249,0.019133585590292004,0.033402181014278644,0
1470,21.009,9.19298627464853e-05,0.3591114767585356,10,0.0010423401790382923,0.03823293782199245,0.034150974639487436,0
1471,6.671,0.0,0.32060227690047743,2,0.00034491291239543726,0.01140324909759438,0.032458762402520665,0
1472,12.95,7.08074075022973e-05,0.3517324738114424,6,0.0007846960741319698,0.02483572163197143,0.033451271713712386,0
1473,45.821,0.005078848595288157,0.3900804289544236,13,0.004041852681718499,0.09459922209605086,0.04004171525518293,310
1474,12.858,7.424259807061961e-05,0.3469793322734499,7,0.0007955618628345382,0.022011821061663963,0.03343831127641063,0
1475,20.219,0.00034084348207190064,0.3518742442563482,10,0.00129703887647843,0.033264007414838676,0.034525127068030334,0
1476,5.213,0.0,0.31884587289992694,2,0.00034197236905405686,0.009907821527632914,0.0324401032693404,0
1477,29.699,0.006679494599857246,0.38973214285714286,12,0.0029015550818647824,0.05231746483343759,0.03716924881653031,288
1479,7.867,7.720147712173807e-06,0.3248976553777447,4,0.0005234264312758975,0.012142055132752974,0.032797328065066855,0
1480,19.094,0.0003662633656259662,0.36390162567736556,8,0.001153064614249443,0.033404552306826166,0.03426263723867187,1
1481,15.169,4.97802693864234e-05,0.34560570071258906,8,0.0008480528905301034,0.03141178591487916,0.03370980390306504,0
1483,6.042,0.0,0.31884587289992694,2,0.00034197236905405686,0.009907821527632914,0.0324401032693404,0
1484,20.049,0.0004926723496344748,0.3573475235366353,11,0.0015457385193437929,0.03840730459818878,0.03491890148782408,137
1485,17.898,0.00032910419151799226,0.3399532710280374,10,0.0011868203727322176,0.026414675434812768,0.03408055038397634,76
1486,15.861,4.350817464832536e-05,0.3528698464025869,8,0.0008589519948786453,0.028850239663989544,0.03368727155432214,0
1487,6.135,5.0507372963050115e-05,0.31745454545454543,3,0.0004669982432509469,0.009340907804537623,0.032583114825080216,0
1488,7.035,0.0,0.3230940044411547,3,0.00045449734614853393,0.01000109899749532,0.032610804023439105,0
1489,39.344,0.005398377920422409,0.3852603706972639,12,0.0035905438066893025,0.07904378469043531,0.03903133164540508,307
1493,55.856,0.03728532912234365,0.4397984886649874,14,0.007797386371116881,0.1455705430166059,0.046460981816702676,345
42,4.961,1.2233939658748055e-05,0.3141417776178482,3,0.0004427171267123545,0.00687530532834298,0.03253948299767767,0
425,3.761,0.0,0.3055652782639132,1,0.0002576772429172164,0.0045530277401385376,0.032182059176441596,0
1495,28.199,0.002757547569889304,0.3772687986171132,12,0.0019710791911446385,0.052374537387842826,0.035809935471945206,210
1496,2.009,1.1312869074024435e-06,0.2663209273947529,3,0.0005227379635253753,0.001795180357924812,0.03245585512521883,0
1497,32.851,0.004288039314627205,0.37323642582300126,12,0.0027784362226494956,0.059503186006061054,0.0371430704537346,276
1251,2.288,0.0,0.271877919651199,1,0.00025904925924351876,0.0018610253751940706,0.03213547019668853,0
1498,32.098,0.005142522412202614,0.3946654611211573,12,0.002787907520743179,0.0682565826405059,0.03749725051607537,277
1499,3.838,0.0005139070007945743,0.31111903064861013,4,0.0008939778565913289,0.004345357113774179,0.03299868290844122,164
1501,48.964,0.01436072703238638,0.40101056499770327,14,0.0054260693825565155,0.11203988047059604,0.04215925842639464,327
200,3.915,0.0,0.2863233847163004,1,0.00025699695870729075,0.0035040715422985026,0.03216055078535833,0
1502,17.582,0.001829349680295732,0.3545897644191714,9,0.001950358474529164,0.02770201822505724,0.035292512063689344,259
1503,17.272,0.0003745119396862289,0.32918552036199095,9,0.001245023053154162,0.02836187876972888,0.034257624526362364,21
1506,15.298,0.0002792511290172328,0.34975961538461536,8,0.0009984849148716069,0.025528966050380367,0.03381121903169447,15
1507,6.045,0.0,0.3252608047690015,2,0.000349832245489493,0.011047195113743274,0.0324564590572517,0
1508,19.25,0.0015276002410595196,0.3669609079445145,10,0.0017890555888783694,0.029486491441874523,0.03501718100676328,224
1509,24.09,0.002637780018325744,0.36788874841972186,12,0.0017769251366285784,0.05096500026224424,0.03544099510558441,122
1505,2.128,0.0,0.2690292758089368,1,0.000260426597227344,0.0015939711885944292,0.032126959877382205,0
1510,3.17,0.0,0.2853873814972213,2,0.0003742429573383799,0.002621516717742471,0.03230844250619629,0
1511,22.81,0.010451058207742048,0.36835443037974686,11,0.003095963929001505,0.032543637069979266,0.03664786720947002,306
859,1.969,0.0,0.2692782233189389,1,0.0002728679474962576,0.0010179047512990454,0.032132994359755404,0
1512,32.089,0.004983324966244138,0.379400260756193,12,0.003014910893277571,0.050367238723209924,0.03737808532964508,284
15,1.262,0.0,0.21598218703612074,1,0.00044637653825380547,6.110209514555765e-05,0.03211128881786539,0
1513,2.821,0.0022909507445589916,0.27539432176656153,1,0.0006457942146917666,0.001953802720582869,0.03230671771908958,82
1514,8.852,2.029668851290705e-06,0.311674401999286,4,0.0005063082689187827,0.01084028194706679,0.03273457384749334,0
1515,55.13,0.01856140337465597,0.4215354901014003,14,0.006080196239576982,0.1424104330338989,0.04377360598210419,328
1516,2.265,8.998654016300094e-06,0.26672777268560954,2,0.0003801955059148963,0.0010144188129216206,0.03229104464130858,0
1517,40.409,0.027320801385500543,0.40082644628099173,13,0.005361626056675815,0.0766687994772658,0.04078663625732009,334
1518,4.837,3.0474849169108016e-05,0.3017628759073626,4,0.0005843512739447188,0.003826776285506026,0.032667342952393257,0
1519,27.865,0.006827969426071736,0.386796632698272,12,0.002669486130538215,0.04899517477723832,0.036598176025518285,249
408,2.146,0.0,0.27900287631831255,1,0.00026616030415201823,0.0015324717092544743,0.03213274579385612,0
458,2.736,0.0,0.27900287631831255,1,0.00026616030415201823,0.0015324717092544743,0.03213274579385612,0
1520,64.522,0.06459512696253095,0.44953656024716787,14,0.011031539837396584,0.18381989899649928,0.051528875894909024,349
674,3.311,0.0,0.31023454157782515,1,0.0002600773022743971,0.005749323166417655,0.032207398389111894,0
890,6.505,1.4376456972650085e-05,0.3333333333333333,2,0.00035953325373222684,0.011305058724548336,0.03246933489464659,0
1522,10.359,7.801857584479101e-06,0.3319391634980989,4,0.0005255176887125881,0.01659246874138592,0.032855557313683545,0
1523,13.436,8.278274472481072e-05,0.3319391634980989,7,0.0008788447493346466,0.02028682886729163,0.033518546315319565,0
1524,11.109,0.0014951661950919257,0.3370656370656371,5,0.0009113383718862126,0.019425329139368893,0.03337316221838087,140
1525,11.666,0.005570973116741473,0.34822497008376546,8,0.0017322527289498591,0.012876413088165048,0.03416902666901419,202
383,1.192,0.0,0.2583604616750518,1,0.00029435922111208926,0.000402816785679329,0.03212060028852751,0
1078,1.867,0.0,0.2583604616750518,1,0.00029435922111208926,0.000402816785679329,0.03212060028852751,0
1527,40.688,0.0035178584797042486,0.39881224303334856,14,0.0028066619897081386,0.09221099338219922,0.03796193954148437,148
1526,4.571,0.0,0.28520091473374715,1,0.0002538512253388962,0.0028840207850194754,0.03213956432324658,0
1528,35.734,0.01016762856803959,0.3847509916262671,13,0.003678173676722771,0.07082640962627446,0.03872435836797866,300
367,2.478,0.0,0.27793696275071633,1,0.000258454893509541,0.00221516209599281,0.032143376559748915,0
1529,1.416,0.0,0.25223923721467784,1,0.0002903437923959045,0.00038270381890267047,0.03211941847543188,0
1532,9.821,0.0026452628649618476,0.32893745290128107,6,0.001234243430697986,0.01405833742452018,0.033613279781669114,196
1491,1.624,0.0,0.24758933635847985,1,0.00028815997044879464,0.0004396798742474222,0.03211782154728454,0
1534,3.773,0.0,0.3081539004588775,1,0.0002654618200271197,0.005194747453172888,0.03219746125248488,0
1535,3.862,0.0,0.29907502569373073,1,0.0002612420436066231,0.0040980438828588876,0.03216631897422347,0
1538,7.958,1.0996846109000139e-05,0.3319391634980989,3,0.0004355457741527555,0.012640820913686245,0.032645764122000986,0
1539,22.707,0.006169962721299477,0.35372771474878445,12,0.002210907327442655,0.038794214273161785,0.03557256105995504,264
1540,28.213,0.005000478671434383,0.3909538737124944,13,0.0022601243842651285,0.058914081249271305,0.03624093233549126,217
355,2.099,0.0,0.2811594202898551,1,0.00026308648479021133,0.001842663737259021,0.03213095950948701,0
1541,56.363,0.0629818257576584,0.4582677165354331,14,0.009364906266710523,0.1539618609260821,0.0489348509245945,347
630,3.766,0.0,0.314368023046453,1,0.000259092831656637,0.004815595553522932,0.03219442846305994,0
1530,4.125,0.0,0.314368023046453,1,0.000259092831656637,0.004815595553522932,0.03219442846305994,0
1542,47.375,0.0065940622924480575,0.4034195933456562,14,0.004054253273920012,0.11176721382071303,0.04046317643462617,302
1543,8.759,5.90460880317406e-06,0.32696629213483147,4,0.0005250520766508016,0.01603675947410492,0.03283735146241295,0
5,1.45,0.0,0.24412751677852348,1,0.0003099687319135206,0.0004038693605504617,0.03211458209294001,0
1544,7.677,0.002363962544821718,0.3228550295857988,4,0.0008140417263156764,0.012913724315956386,0.032965387352178147,81
1545,17.01,0.0002896845209466404,0.34850299401197604,8,0.001069290264724868,0.02726465420457005,0.033983065522678164,0
1546,1.603,0.0,0.2652689152233364,1,0.00030489800203130954,0.0006373329963294414,0.03212907301143427,0
1549,7.199,1.6890511948253304e-05,0.32429420505200596,4,0.0005375831990916664,0.010619747143069506,0.032766514409198096,0
1550,31.251,0.004391430969036573,0.38306274681878016,12,0.0028002731705300955,0.0635537917187334,0.03725523416504915,240
380,2.788,0.0,0.27705490320533166,1,0.00025976660955339043,0.001987822875039042,0.03213603098704129,0
1552,7.174,4.810622234570843e-06,0.3234531307891812,3,0.00043787544927078974,0.008802171132644384,0.03256328265573769,0
1553,16.26,0.0021220784915499556,0.35720130932896893,9,0.002028233868764833,0.02290147600983859,0.03526683569114394,251
1555,3.765,0.0,0.31023454157782515,1,0.0002600773022743971,0.005749323166417655,0.032207398389111894,0
1557,38.51,0.010142966100904073,0.3982664233576642,13,0.003531623963185643,0.07959788027743152,0.03876617404692791,304
1558,10.88,2.2134436611740833e-05,0.3366756652526032,6,0.0006981524878809998,0.015760644748842263,0.03315731106236135,0
1560,13.68,0.0005825007653947234,0.35661764705882354,7,0.0012512113487656467,0.0238790616778707,0.03410677853806031,173
1561,8.312,0.00029849972558283544,0.341015625,4,0.0005695712405885346,0.014108346377625373,0.0328483854123008,0
1563,4.24,5.375469639977165e-06,0.2893602916804773,2,0.00035236295755127606,0.0038204368451579145,0.032327341576770544,0
1564,2.447,0.0,0.27705490320533166,1,0.0002643025691409193,0.0020106867369584593,0.03214163605583714,0
1565,5.845,2.885231164580542e-06,0.32154696132596683,3,0.00043848188033473394,0.010432100014913525,0.032611131463301815,0
1566,18.011,0.0023971644404824845,0.36726966764829616,10,0.00199672625854944,0.02783000165825096,0.035354693683591155,161
1567,63.438,0.09059554377120253,0.4582677165354331,14,0.013095688810159491,0.17763558439309696,0.052387539049845236,351
290,4.147,0.0,0.314368023046453,1,0.0002710806654166399,0.00555573555813068,0.032211691747861225,0
616,3.144,0.0,0.314368023046453,1,0.0002710806654166399,0.00555573555813068,0.032211691747861225,0
736,4.035,0.0,0.314368023046453,1,0.0002710806654166399,0.00555573555813068,0.032211691747861225,0
857,3.942,0.0,0.314368023046453,1,0.0002710806654166399,0.00555573555813068,0.032211691747861225,0
992,3.376,0.0,0.314368023046453,1,0.0002710806654166399,0.00555573555813068,0.032211691747861225,0
1012,3.847,0.0,0.314368023046453,1,0.0002710806654166399,0.00555573555813068,0.032211691747861225,0
1015,3.553,0.0,0.314368023046453,1,0.0002710806654166399,0.00555573555813068,0.032211691747861225,0
1029,4.642,0.0,0.314368023046453,1,0.0002710806654166399,0.00555573555813068,0.032211691747861225,0
1080,3.686,0.0,0.314368023046453,1,0.0002710806654166399,0.00555573555813068,0.032211691747861225,0
1085,3.39,0.0,0.314368023046453,1,0.0002710806654166399,0.00555573555813068,0.032211691747861225,0
1103,3.559,0.0,0.314368023046453,1,0.0002710806654166399,0.00555573555813068,0.032211691747861225,0
1406,3.68,0.0,0.314368023046453,1,0.0002710806654166399,0.00555573555813068,0.032211691747861225,0
1568,10.691,0.0006459811973806572,0.34410721324398896,7,0.0010519509917379874,0.017815901824700425,0.03369016275182154,0
1570,10.686,3.746848143145471e-05,0.3340987370838117,6,0.0008185154536993876,0.0209092924644536,0.03339523410586673,40
1571,2.89,7.708080922476471e-05,0.2969387755102041,2,0.0004157782573995088,0.002725527225742789,0.03232151100907799,0
1572,26.379,0.0010484707978013709,0.37890625,12,0.001725486292744658,0.05076868400296929,0.035481869625992535,112
1573,4.462,9.214676026235488e-06,0.2935440484196368,2,0.00035812078762094163,0.004513129603657651,0.032340430180855015,0
1574,3.679,0.0,0.29907502569373073,1,0.0002612420436066231,0.0040980438828588876,0.03216631897422347,0
1575,4.139,0.0,0.3167634252539913,2,0.0003570180425491329,0.008924077787569453,0.032414814081140546,0
1576,10.783,0.00020684221057094528,0.3279489105935387,7,0.0011309184313591965,0.013002650713996635,0.03375496742976915,111
